City_ID,City,Country,Max Temp,Current description,Lat,Lng,Hotel Name
2,Cheney,US,104.76,broken clouds,47.4874,-117.5758,"Holiday Inn Express & Suites Cheney, an IHG Hotel"
3,Mitsamiouli,KM,76.32,clear sky,-11.3847,43.2844,Foyer ADM
4,Korla,CN,84.04,overcast clouds,41.7597,86.1469,Gulisitan Hotel
5,Krasnoselkup,RU,53.47,broken clouds,65.7,82.4667,Krasnosel'kupnefteprodukt
9,Ribeira Grande,PT,71.38,few clouds,38.5167,-28.7,Quinta da Meia Eira
10,Miri,MY,74.44,broken clouds,4.4148,114.0089,"Mega Hotel, Miri"
11,Flagstaff,US,76.32,scattered clouds,35.1981,-111.6513,Drury Inn & Suites Flagstaff
12,Broome,US,66.69,clear sky,42.2506,-75.833,Chenango Valley State Park
13,Victoria,HK,84.38,light rain,22.2855,114.1577,Mini Hotel Central
14,Bathsheba,BB,83.01,scattered clouds,13.2167,-59.5167,Atlantis Hotel
16,Hermanus,ZA,52.9,clear sky,-34.4187,19.2345,Misty Waves Boutique Hotel
17,Eureka,US,61.99,broken clouds,40.8021,-124.1637,Eureka Inn Trademark By Wyndham
18,Cidreira,BR,50.38,clear sky,-30.1811,-50.2056,Hotel Castelo
21,Puerto Madero,MX,89.8,scattered clouds,14.7208,-92.4215,Hotel La Central
22,Fort Nelson,CA,84.52,clear sky,58.8053,-122.7002,The Fort Nelson Hotel
24,Mount Gambier,AU,52.25,broken clouds,-37.8333,140.7667,The Commodore
25,Souillac,MU,66.36,broken clouds,-20.5167,57.5167,Shanti Maurice Resort & Spa
26,Sovetskaya Gavan,RU,62.46,overcast clouds,48.9723,140.2878,"–•–æ—Å—Ç–µ–ª ""–ü–∏–ª–∏–≥—Ä–∏–º"""
27,Vaini,TO,71.76,light rain,-21.2,-175.2,Keleti Beach Resort
28,East London,ZA,58.51,clear sky,-33.0153,27.9116,Tu Casa
29,Tuktoyaktuk,CA,54.55,overcast clouds,69.4541,-133.0374,End of The Road Ltd.
30,San Carlos Del Zulia,VE,85.21,scattered clouds,9.0,-71.9135,Hotel El Manantial
31,Yellowknife,CA,74.28,overcast clouds,62.456,-114.3525,The Explorer Hotel
33,Deputatskiy,RU,63.37,broken clouds,69.3,139.9,Baza Otdykha
35,Hobart,AU,55.26,light rain,-42.8794,147.3294,Mantra on Collins Hobart
36,Turayf,SA,79.34,clear sky,31.6725,38.6637,Turaif
37,Serenje,ZM,51.49,clear sky,-13.2325,30.2352,The Kabaso's
38,Hilo,US,83.12,overcast clouds,19.7297,-155.09,Hilo Hawaiian Hotel
39,Bredasdorp,ZA,50.83,clear sky,-34.5322,20.0403,Bredasdorp Country Manor
40,Nikolskoye,RU,61.02,scattered clouds,59.7035,30.7861,Tourist House - Sablino
41,Bethel,US,77.58,few clouds,41.3712,-73.414,Courtyard by Marriott Danbury
42,Riyadh,SA,95.05,overcast clouds,24.6877,46.7219,"InterContinental Riyadh, an IHG Hotel"
43,Butaritari,KI,81.23,moderate rain,3.0707,172.7902,Isles Sunset Lodge
44,Joao Pinheiro,BR,64.78,scattered clouds,-17.7425,-46.1725,Hotel Santos
45,Portland,US,104.52,few clouds,45.5234,-122.6762,Embassy Suites by Hilton Portland Downtown
46,Sorong,ID,79.93,overcast clouds,-0.8833,131.25,waigo splash hotel
48,Alofi,NU,77.32,overcast clouds,-19.0595,-169.9187,Taloa Heights
49,Iqaluit,CA,52.43,overcast clouds,63.7506,-68.5145,Frobisher Inn
53,Dakar,SN,81.48,overcast clouds,14.6937,-17.4441,Redface Studios Meubl√©s
54,Carnarvon,AU,63.46,overcast clouds,-24.8667,113.6333,Hospitality Carnarvon
56,Kodiak,US,54.91,overcast clouds,57.79,-152.4072,Best Western Kodiak Inn And Convention Center
57,Mercedes,AR,53.83,clear sky,-34.6515,-59.4307,Posada del Inti Centro
58,Jamestown,US,68.72,scattered clouds,42.097,-79.2353,Hampton Inn & Suites Jamestown
59,Rovaniemi,FI,54.81,overcast clouds,66.5,25.7167,Arctic City Hotel
61,Rikitea,PF,71.98,light rain,-23.1203,-134.9692,People ThankYou
62,Cape Town,ZA,54.27,fog,-33.9258,18.4232,Southern Sun Waterfront Cape Town
63,Kapaa,US,88.12,overcast clouds,22.0752,-159.319,Sheraton Kauai Coconut Beach Resort
64,Abu Dhabi,AE,93.22,scattered clouds,24.4667,54.3667,Ramee Garden Hotel Apartments
65,Atuona,PF,77.18,scattered clouds,-9.8,-139.0333,Villa Enata
66,Constitucion,CL,52.66,broken clouds,-35.3333,-72.4167,Hotel Boutique Las Azucenas
67,Torbay,CA,61.29,overcast clouds,47.6666,-52.7314,Gallows Cove
68,Fairbanks,US,73.09,overcast clouds,64.8378,-147.7164,Westmark Fairbanks Hotel & Conference Center
69,Thompson,CA,75.7,few clouds,55.7435,-97.8558,Burntwood Hotel
70,Harwich,GB,61.34,broken clouds,51.9419,1.2844,Premier Inn Harwich hotel
71,Arvika,SE,57.81,few clouds,59.6553,12.5852,Clarion Collection Hotel Bristol
72,New Norfolk,AU,54.9,light rain,-42.7826,147.0587,The Shingles Riverside Cottages
73,Haicheng,CN,77.76,overcast clouds,40.8516,122.7475,Haicheng Grand Hotel
74,Arraial Do Cabo,BR,63.91,overcast clouds,-22.9661,-42.0278,Pousada Porto Praia
75,Karratha,AU,66.58,broken clouds,-20.7377,116.8463,ibis Styles Karratha
76,Aberdeen,GB,56.5,overcast clouds,57.1437,-2.0981,Premier Inn Aberdeen City Centre hotel
77,Tuy Hoa,VN,83.05,overcast clouds,13.0833,109.3,CenDeluxe Hotel Tuy Hoa
78,Bacolod,PH,80.76,overcast clouds,10.6667,122.95,Planta Hotel & Residences
79,Joshimath,IN,69.84,overcast clouds,30.5667,79.5667,Shivalik Camps & Resort
80,Avarua,CK,77.05,overcast clouds,-21.2078,-159.775,Paradise Inn
81,Port Lincoln,AU,55.49,overcast clouds,-34.7333,135.8667,Port Lincoln Hotel
83,Ilulissat,GL,59.02,broken clouds,69.2167,-51.1,Hotel Arctic
84,Berezovyy,RU,55.31,overcast clouds,51.6667,135.7,"Hotel ""Phoenix"""
85,Norman Wells,CA,83.32,scattered clouds,65.282,-126.8329,Heritage Hotel
86,Craig,US,86.59,thunderstorm,40.5153,-107.5464,"Candlewood Suites Craig-Northwest, an IHG Hotel"
87,Hithadhoo,MV,80.73,overcast clouds,-0.6,73.0833,Scoop Guest House
88,Goderich,CA,64.9,clear sky,43.7501,-81.7165,Harmony Inn
89,Airai,TL,61.81,broken clouds,-8.9266,125.4092,Juvinal Martin
90,Lunglei,IN,66.18,overcast clouds,22.8833,92.7333,Hotel Elite
91,Bordighera,IT,77.25,clear sky,43.7806,7.6645,Albergo Villa Elisa
92,Gasa,PS,78.78,clear sky,31.5,34.4667,ÿ±ÿßÿ®ÿ∑ÿ© ÿßŸÑŸÅŸÜÿßŸÜŸäŸÜ ÿßŸÑŸÅŸÑÿ≥ÿ∑ŸäŸÜŸäŸäŸÜ
93,Touros,BR,77.61,scattered clouds,-5.1989,-35.4608,INN NEW HORIZON
94,Natal,BR,76.62,overcast clouds,-5.795,-35.2094,Villa Park Hotel | Natal
95,Kavieng,PG,83.53,broken clouds,-2.5744,150.7967,Nusa Island Retreat
96,Port-Gentil,GA,76.6,few clouds,-0.7193,8.7815,Fengshui Residence
98,Bucerias,MX,86.99,overcast clouds,20.75,-105.3333,Villa del Palmar Flamingos Beach Resort & Spa Riviera Nayarit
99,Broken Hill,AU,60.87,clear sky,-31.95,141.4333,Royal Exchange Hotel
100,Hofn,IS,50.25,few clouds,64.2539,-15.2082,H√≥tel H√∂fn
102,Rockledge,US,92.28,clear sky,28.3508,-80.7253,Aladdin Motel
103,Tocache,PE,72.34,overcast clouds,-8.1842,-76.5125,Hotel Ortiz
105,Port Alfred,ZA,57.88,few clouds,-33.5906,26.891,The Halyards Hotel
107,Grindavik,IS,55.87,clear sky,63.8424,-22.4338,Northern Light Inn & Max's Restaurant
108,Villa Bruzual,VE,75.83,scattered clouds,9.3328,-69.1208,Edificio Guarente
109,Mar Del Plata,AR,54.88,clear sky,-38.0023,-57.5575,Gran Hotel Mar del Plata
111,Grasten,DK,62.64,moderate rain,54.9192,9.5952,Enjoy Resorts Marina Fisken√¶s
112,Omboue,GA,73.65,clear sky,-1.5746,9.2618,Hotel Olako
113,Charters Towers,AU,70.88,broken clouds,-20.1,146.2667,Cattleman's Rest Motor Inn
114,Faanui,PF,77.61,broken clouds,-16.4833,-151.75,Bora-Bora Pearl Beach Resort & Spa
116,La Ronge,CA,74.46,broken clouds,55.1001,-105.2842,Northland Motor Hotel
117,Quelimane,MZ,65.34,clear sky,-17.8786,36.8883,Hotel Flamingo
121,Tierralta,CO,80.76,scattered clouds,8.1736,-76.0592,Hotel La Marqueza
122,Barrow,US,51.82,light rain,71.2906,-156.7887,King Eider Inn
123,Ortakoy,TR,68.25,clear sky,38.7373,34.0387,Berilhan Hotel
124,Lucapa,AO,67.05,clear sky,-8.4192,20.7447,Resid√™ncia Ulisses Dos Santos
125,Linqiong,CN,75.02,overcast clouds,30.4159,103.4609,Tianlun Tanxianglou Hotel
128,Ahipara,NZ,58.33,light rain,-35.1667,173.1667,Ahipara Holiday Park
129,Pergine Valsugana,IT,71.35,broken clouds,46.065,11.238,La Rotonda Albergo Ristorante
130,Ukiah,US,107.53,clear sky,39.1502,-123.2078,Hampton Inn Ukiah
132,Caravelas,BR,67.33,overcast clouds,-17.7125,-39.2481,Pousada dos Navegantes
133,Bandarbeyla,SO,76.53,scattered clouds,9.4942,50.8122,JABIR HOTEL
134,Sibolga,ID,75.18,overcast clouds,1.7427,98.7792,Hotel Syariah CN Darussalam
136,Salaga,GH,77.38,light rain,8.5508,-0.5188,Bore Nada Guest House
137,Narsaq,GL,61.02,overcast clouds,60.9167,-46.05,Narsaq Kayak Hostel
139,Blackwater,AU,66.58,scattered clouds,-23.5833,148.8833,Blackwater Motor Inn
140,Port Hedland,AU,64.45,broken clouds,-20.3167,118.5667,The Esplanade Hotel
141,Rock Springs,US,80.04,few clouds,41.5875,-109.2029,Homewood Suites by Hilton Rock Springs
142,Biak,ID,76.23,broken clouds,-0.9131,122.8766,Penginapan Kim
143,Bar Harbor,US,68.94,few clouds,44.3876,-68.2039,Atlantic Oceanside Hotel & Event Center
144,Skibbereen,IE,58.8,broken clouds,51.55,-9.2667,The West Cork Hotel
145,Dharchula,IN,71.2,overcast clouds,29.85,80.5333,Mahara Hotel
146,Zhifang,CN,82.49,clear sky,30.35,114.3167,Echarm Hotel Jiangxia Zhongbai Plaza
147,Pozzallo,IT,84.22,clear sky,36.7305,14.8499,Mare Nostrum Petit H√¥tel
148,Pangnirtung,CA,58.71,overcast clouds,66.1451,-65.7125,Kilabuk Lodge
149,Muros,ES,64.24,scattered clouds,42.7762,-9.0603,Apartment Av. Castelao
150,Talnakh,RU,58.5,overcast clouds,69.4865,88.3972,Talnakh Hotel
152,Cabo San Lucas,MX,95.61,clear sky,22.8909,-109.9124,Hotel Tesoro Los Cabos
153,Lipari,IT,86.09,clear sky,38.4674,14.954,Hotel Villa Diana Soc. Clelia Hunziker s.a.s.
154,Rubio,VE,81.45,broken clouds,7.7013,-72.3557,Tourist Inn Where Maria P
155,Aden,YE,81.55,light rain,12.7794,45.0367,Sama Emirate Hotel
156,Virden,US,80.85,few clouds,39.5009,-89.7679,Virden Nail Spa
157,Puerto Ayora,EC,69.55,light rain,-0.7393,-90.3518,Finch Bay Galapagos Hotel
158,Talara,PE,67.32,broken clouds,-4.5772,-81.2719,Hostal Oro Negro
159,Mareeba,AU,73.33,overcast clouds,-17.0,145.4333,Trinity Plains Tourist Park
160,Marawi,PH,68.65,broken clouds,7.9986,124.2928,Derogongan Residence
161,Namibe,AO,67.39,scattered clouds,-15.1961,12.1522,Hotel Chik Chik Namibe
162,Kaitangata,NZ,54.93,light rain,-46.2817,169.8464,Kaitangata Motor Camp
163,Lang Son,VN,78.75,overcast clouds,21.8333,106.7333,Khai Nga Hotel
165,Waingapu,ID,73.72,clear sky,-9.6567,120.2641,Pondok Wisata Elim
166,Swan River,CA,87.67,scattered clouds,52.1058,-101.2676,Super 8 by Wyndham Swan River MB
167,Havre-Saint-Pierre,CA,57.06,overcast clouds,50.2334,-63.5986,Auberge Niapiskau
168,Poum,NC,70.66,clear sky,-20.2333,164.0167,G√Æte kajeon
169,Ballina,AU,58.78,clear sky,-28.8667,153.5667,Ramada Hotel & Suites by Wyndham Ballina Byron
170,Port Macquarie,AU,54.9,clear sky,-31.4333,152.9167,Rydges Port Macquarie
171,Taksimo,RU,64.09,few clouds,56.3444,114.8794,"Gostinitsa ""Viktoriya"""
172,Kahului,US,87.96,scattered clouds,20.8947,-156.47,Maui Seaside Hotel
173,Iquique,CL,59.04,overcast clouds,-20.2208,-70.1431,Backpacker`s Hostel Iquique
174,Gornopravdinsk,RU,54.05,light rain,60.05,69.9,Burovik
176,Salalah,OM,77.09,overcast clouds,17.0151,54.0924,HAMDAN PLAZA HOTEL SALALAH
177,Ayr,GB,60.49,few clouds,55.4627,-4.6339,Mercure Ayr Hotel
178,Ocampo,MX,69.01,broken clouds,21.65,-101.5,Casa de ratas
180,Kapit,MY,73.54,broken clouds,2.0167,112.9333,Hotel Meligai Kapit
181,Kruisfontein,ZA,50.54,clear sky,-34.0033,24.7314,Oyster Bay House Rental
183,Lebu,CL,50.07,overcast clouds,-37.6167,-73.65,Hostal Las Lilas
184,Ternate,ID,81.23,moderate rain,0.8,127.4,Grand Dafam Bela Ternate
185,Rawson,AR,51.58,overcast clouds,-43.3002,-65.1023,Hosteria Sampedro
187,Snasa,NO,52.57,overcast clouds,64.2457,12.3778,Sn√•sa Hotell AS
188,Kiunga,PG,72.9,overcast clouds,-6.1219,141.2906,Airport Lodge Kiunga
190,Dawson Creek,CA,82.67,clear sky,55.7666,-120.2362,Peace Villa Motel
191,Mandalgovi,MN,53.71,clear sky,45.7625,106.2708,–í.–ì–∞–Ω–±–∞—Ç
192,Pudozh,RU,56.21,broken clouds,61.8099,36.5345,Guest-House na Transportnoy
195,Tautira,PF,82.42,broken clouds,-17.7333,-149.15,Pension Oaoa
196,Hatillo,PR,85.08,broken clouds,18.4863,-66.8254,Hotel Parador El Buen Cafe
198,Praia,CV,77.54,broken clouds,14.9215,-23.5087,LT Aparthotel
199,Bambous Virieux,MU,66.22,broken clouds,-20.3428,57.7575,Casa Tia Villa
200,Sistranda,NO,54.9,overcast clouds,63.7256,8.834,Hotell Fr√∏ya
201,Saint-Francois,FR,65.41,clear sky,46.4154,3.9054,Manoir Du Bonheur
202,Sola,VU,78.37,broken clouds,-13.8833,167.55,Leumerus Bungalows
203,Alyangula,AU,71.47,broken clouds,-13.8483,136.4192,Groote Eylandt Lodge
204,Geraldton,AU,56.12,scattered clouds,-28.7667,114.6,Broadwater Mariner Resort
205,Saint-Philippe,RE,67.59,broken clouds,-21.3585,55.7679,"Chambres d'h√¥te ""La Trinit√©"""
206,Havelock,US,91.36,clear sky,34.8791,-76.9013,Sherwood Motel
207,Najran,SA,85.32,overcast clouds,17.4924,44.1277,ŸÖÿ≠ŸÖÿØ ŸáÿßÿØŸä ÿßŸÑ ŸÅÿ∑Ÿäÿ≠
208,Fukue,JP,81.45,broken clouds,32.6881,128.8419,Goto Guesthouse Utojuku & SA Car Rental
209,Vezirkopru,TR,63.09,clear sky,41.1436,35.4547,Vezirkopru Ogretmenevi
210,Ambon,ID,73.54,scattered clouds,-3.6954,128.1814,Swiss-Belhotel Ambon
211,Benguela,AO,69.87,clear sky,-12.5763,13.4055,Hotel Praia Morena
212,Georgetown,MY,76.95,few clouds,5.4112,100.3354,Cititel Penang
213,Codrington,AU,51.84,broken clouds,-38.2667,141.9667,Codrington Gardens Bed And Breakfast
214,Vao,NC,67.59,clear sky,-22.6667,167.4833,Hotel Kou-Bugny
215,Grand Gaube,MU,66.38,broken clouds,-20.0064,57.6608,Veranda Paul et Virginie Hotel & Spa
216,Petropavlovsk-Kamchatskiy,RU,54.19,light intensity shower rain,53.0452,158.6483,The Hotel Petropavlovsky
217,Ibra,OM,84.22,broken clouds,22.6906,58.5334,ŸÖÿ≤ÿ±ÿπÿ© ÿ±ÿßÿ≠ÿ© ÿßŸÑŸÜŸÅŸàÿ≥ ÿßŸÑŸÖŸÜÿ≤ŸÅÿ©
218,Bengkulu,ID,74.41,few clouds,-3.8004,102.2655,Grage Hotel Bengkulu
219,Guerrero Negro,MX,80.33,few clouds,27.9769,-114.0611,"Casa Laguna, Bed & Breakfast"
220,Barabinsk,RU,57.72,broken clouds,55.3571,78.357,Gostinichnyy Kompleks Noy
221,Cravinhos,BR,54.32,scattered clouds,-21.3403,-47.7294,√înix Inn Hotel Cravinhos
222,Moengo,SR,73.9,overcast clouds,5.6167,-54.4,Masanga
223,Khani,GE,62.17,broken clouds,41.9563,42.9566,·Éô·É£·É†·Éù·É†·É¢·Éò ·Éñ·Éî·Éô·Éê·É†·Éò/Resort Zekari
225,Asind,IN,77.67,overcast clouds,25.7333,74.3333,"HOTEL JIYA PALACE, ASIND"
227,Ponta Do Sol,PT,72.23,clear sky,32.6667,-17.1,Hotel do Campo
228,Isangel,VU,72.7,overcast clouds,-19.55,169.2667,Tanna Lodge
229,Tiarei,PF,82.42,scattered clouds,-17.5333,-149.3333,Le Rocher de Tahiti
230,Rocky Mountain House,CA,78.84,clear sky,52.3668,-114.9188,Walking Eagle Inn & Lodge
231,Nyborg,DK,64.92,broken clouds,55.3127,10.7896,HOTEL NYBORG STRAND A/S
232,Novopokrovka,UA,68.38,broken clouds,49.8425,36.5477,–ü—É–¥–∂ –¥–æ–º
233,Kampot,KH,82.45,moderate rain,10.6167,104.1833,Two Moons Hotel
234,Ndioum,SN,87.15,overcast clouds,16.5129,-14.6471,l'h√¥tel samassa
235,Lensk,RU,65.14,clear sky,60.7253,114.9278,–¢–∏–Ω–û—Ä–°
236,Alice Springs,AU,60.35,clear sky,-23.7,133.8833,Desert Palms Alice Springs
238,Dingle,PH,81.12,overcast clouds,10.9995,122.6711,SEGAYA PROPERTY
239,Mount Isa,AU,64.17,clear sky,-20.7333,139.5,ibis Styles Mt Isa Verona
240,Turukhansk,RU,56.52,overcast clouds,65.8167,87.9833,"–û–û–û ""–¢—É—Ä—É—Ö–∞–Ω—Å–∫–∞—è –ø—É—à–Ω–∏–Ω–∞"""
241,Los Llanos De Aridane,ES,67.75,clear sky,28.6585,-17.9182,Valle Aridane
242,Road Town,VG,83.19,scattered clouds,18.4167,-64.6167,"ZINGARA 76ft Catamaran, full crew-all included"
243,Dicabisagan,PH,83.66,overcast clouds,17.0818,122.4157,Nancy Montanes Bernardo
244,Blythe,US,97.25,clear sky,33.6103,-114.5964,Rodeway Inn & Suites
245,Lompoc,US,91.13,mist,34.6391,-120.4579,"Holiday Inn Express Lompoc, an IHG Hotel"
246,Ravar,IR,77.14,clear sky,31.2656,56.8055,⁄©ÿßŸÅ€å ŸÜÿ™ Ÿà ⁄©ÿßŸÖŸæ€åŸàÿ™ÿ±Ÿæÿ±ÿ¥€åŸÜ ÿ≥€åÿ≥ÿ™ŸÖ
247,Saint Anthony,US,80.94,haze,45.0205,-93.218,"Holiday Inn Express Roseville-St. Paul, an IHG Hotel"
248,Gizo,SB,82.18,light rain,-8.103,156.8419,Imagination Island
249,Kuandian,CN,72.66,overcast clouds,40.7286,124.7847,Hi Inn Dandong Kuandian Ji Xian Garden
250,Port Elizabeth,ZA,55.09,clear sky,-33.918,25.5701,39 On Nile Guest House
251,Tarko-Sale,RU,50.05,few clouds,64.9225,77.785,Yubileynaya
253,Sisimiut,GL,55.49,scattered clouds,66.9395,-53.6735,Hotel Sisimiut
254,Newport,GB,61.86,overcast clouds,51.5877,-2.9984,ibis budget Newport
258,Selfoss,IS,59.04,broken clouds,63.9331,-20.9971,Selfoss HI Hostel
260,Saint-Pierre,RE,67.68,scattered clouds,-21.3393,55.4781,Lindsey H√¥tel
264,Nanning,CN,81.09,overcast clouds,22.8167,108.3167,Nanning Travelling With Hostel
265,Salinas,US,94.23,clear sky,36.6777,-121.6555,Laurel Inn & Conference Center
266,Haldwani,IN,77.05,overcast clouds,29.2167,79.5167,OYO Premium Nainital Road Haldwani
267,Malkangiri,IN,74.64,overcast clouds,18.35,81.9,Girls' Hostel
268,Ca Mau,VN,77.95,overcast clouds,9.1769,105.15,Kh√°ch S·∫°n M∆∞·ªùng Thanh Luxury C√† Mau
269,Hervey Bay,AU,63.01,clear sky,-25.2986,152.8535,Shelly Bay Resort
271,Manta,EC,73.22,overcast clouds,-0.95,-80.7333,Balandra Hotel
272,Kikwit,CD,78.12,clear sky,-5.041,18.8162,HOTEL PLACE YALABA
273,Dalmatovo,RU,57.78,clear sky,56.26,62.9362,"Gostinitsa I Obshchezhitiye ""Start-Prodservis"""
274,Lorengau,PG,83.82,broken clouds,-2.0226,147.2712,Lorengau Harbourside Hotel
276,Mega,ET,56.39,overcast clouds,4.05,38.3,Amanuel Guest House
277,Ambunti,PG,75.83,overcast clouds,-4.2365,142.8448,Ambunti Lodge
278,Salinopolis,BR,79.2,few clouds,-0.6136,-47.3561,Salinas Park Resort Ma√ßarico AP101
279,Khatanga,RU,76.37,few clouds,71.9667,102.5,"Gostinitsa ""Zapolyar'ye"""
280,Jefferson City,US,89.58,clear sky,38.5767,-92.1735,DoubleTree by Hilton Hotel Jefferson City
282,Kawalu,ID,71.53,overcast clouds,-7.3817,108.2082,KOSAN UNGU UNSIK
283,Bismarck,US,88.88,smoke,46.8083,-100.7837,Ramkota Hotel & Conference Center
284,Illapel,CL,58.12,clear sky,-31.6308,-71.1653,Hotel Londres
286,Pundaguitan,PH,83.93,moderate rain,6.3711,126.1689,Leonardo Family Beach House 1
287,Itaborai,BR,60.37,scattered clouds,-22.7444,-42.8594,Promenade Prime Itabora√≠
288,Aksu,CN,77.54,overcast clouds,41.1231,80.2644,Pudong Holiday Hotel
289,Brusque,BR,56.79,clear sky,-27.0981,-48.9175,Monthez Hotel e Eventos
290,Laguna,US,110.14,clear sky,38.421,-121.4238,"Holiday Inn Express & Suites Elk Grove Central - Hwy 99, an IHG Hotel"
291,Kaputa,ZM,66.83,clear sky,-8.4689,29.6619,Chelelwa Charlets
292,Lata,PT,63.05,few clouds,40.1629,-8.3327,Casa Maquia
293,Juneau,US,74.84,broken clouds,58.3019,-134.4197,"Baranof Downtown, Bw Signature Collection"
294,Nouadhibou,MR,69.1,clear sky,20.931,-17.0347,El Medina
295,Pisco,PE,62.65,scattered clouds,-13.7,-76.2167,Hotel San Isidro Oficial
296,Aswan,EG,88.59,broken clouds,24.0934,32.907,Nuba Nile
297,Kalmunai,LK,78.69,clear sky,7.4167,81.8167,VS Villa
298,Padang,ID,76.15,broken clouds,-0.9492,100.3543,Mercure Padang
299,Kudahuvadhoo,MV,81.9,overcast clouds,2.6708,72.8944,Niyama Private Islands Maldives
300,Kuytun,RU,55.87,broken clouds,54.3419,101.5036,Gostinitsa Tsentral'naya
302,Am Timan,TD,75.25,light rain,11.0297,20.2827,Palais du chef Canton Salamt
303,Brufut,GM,73.49,broken clouds,13.3814,-16.7518,Sheraton Gambia Hotel Resort & Spa
305,Abrau-Dyurso,RU,65.66,clear sky,44.69,37.59,Avgustin Inn
306,Hobyo,SO,76.39,overcast clouds,5.3505,48.5268,Halane Hotel and Restaurent
308,Batemans Bay,AU,59.09,broken clouds,-35.7167,150.1833,Batemans Bay Marina Resort
309,Canico,PT,72.68,scattered clouds,32.6333,-16.85,Quinta Splendida Wellness & Botanical Garden
310,Shache,CN,79.29,scattered clouds,38.4167,77.2406,Delong Hotel
311,Atar,MR,97.65,scattered clouds,20.5169,-13.0499,Oumou Elghoura
312,Hasaki,JP,79.29,clear sky,35.7333,140.8333,Hotel Sunrise Choshi
313,Mahebourg,MU,66.25,scattered clouds,-20.4081,57.7,Shandrani Beachcomber Resort & Spa
314,Gorontalo,ID,76.73,broken clouds,0.5412,123.0595,Maqna Hotel by Prasanthi
315,Finschhafen,PG,80.33,moderate rain,-6.6024,147.8681,Cossam Guest House
316,Kuliyapitiya,LK,82.08,clear sky,7.4688,80.0401,Rest House
317,Kirakira,SB,82.09,broken clouds,-10.4544,161.9205,SanBiz Lodge
318,Lala,PH,78.57,broken clouds,7.9745,123.7458,Dennis
319,Laguna De Perlas,NI,79.84,broken clouds,12.3429,-83.6712,Hotel Best View
320,Jumla,NP,61.25,overcast clouds,29.2747,82.1838,"‡§Ö‡§®‡•ç‡§®‡•Ä ‡§ò‡§∞, ‡§ú‡•Å‡§Æ‡•ç‡§≤‡§æ - Anni Ghar"
321,Saint-Ambroise,CA,57.58,overcast clouds,48.5501,-71.3324,Motel Saint-Ambroise
322,Marialva,BR,54.23,overcast clouds,-23.485,-51.7917,Hotel Vinhedo
323,Maturin,VE,76.68,few clouds,9.75,-63.1767,Hotel Residencial La Pichincha
324,Russell,US,91.11,clear sky,32.3502,-85.1999,Macs
325,Cabedelo,BR,75.87,overcast clouds,-6.9811,-34.8339,Hotel Pigalle
328,Baruni,IN,78.4,overcast clouds,25.4833,85.9833,Ashraf Mishthan And Cold Drink
330,Ankazoabo,MG,61.65,clear sky,-22.2833,44.5167,ENCEIN BUREAU CISCO
331,Olinda,BR,74.93,scattered clouds,-8.0089,-34.8553,Hotel Albergue de Olinda
332,Sechura,PE,72.54,broken clouds,-5.5569,-80.8222,Hospedaje Costa Bella
333,Senador Jose Porfirio,BR,74.75,light rain,-2.5908,-51.9542,Pousada Novo Horizonte
334,Hualmay,PE,64.63,scattered clouds,-11.0964,-77.6139,Hotel Villa Kitzia Huacho
335,Alta Floresta,BR,72.77,clear sky,-9.8756,-56.0861,Floresta Amazonica Hotel
336,Buala,SB,83.8,broken clouds,-8.145,159.5921,Maringe Lagoon Lodge
337,Kushiro,JP,74.12,overcast clouds,42.975,144.3747,Toyoko Inn Kushiro Jujigai
338,Asau,RO,68.4,clear sky,46.4333,26.4,Casa Mika Ciobanus
339,Hoquiam,US,100.06,clear sky,46.9809,-123.8893,Econo Lodge Inn & Suites
340,Nador,MA,82.65,clear sky,35.174,-2.9287,H√¥tel La Giralda
341,San Patricio,US,95.72,broken clouds,28.017,-97.5169,"Motel 6 Sinton, TX"
342,Severo-Kurilsk,RU,55.94,overcast clouds,50.6789,156.125,Kak Doma
343,Cayenne,GF,83.08,scattered clouds,4.9333,-52.3333,H√¥tel Le Dronmi
344,Luis Correia,BR,79.2,scattered clouds,-2.8792,-41.6669,Hotel Amarra√ß√£o
345,San Cristobal,VE,80.78,broken clouds,7.7669,-72.225,Posada Villaven C.A.
346,Sinnamary,GF,78.78,few clouds,5.3833,-52.95,ALETHEIA Appartement Sinnamary
347,Terrace,CA,87.55,few clouds,54.5163,-128.6035,Northern Motor Inn
348,Binga,ZW,61.63,scattered clouds,-17.6203,27.3414,Lakeview Inn Binga
349,Vila,PT,55.71,overcast clouds,42.0304,-8.1588,Hotel Castrum Villae by Walk Hotels
350,Shenjiamen,CN,79.2,overcast clouds,29.9576,122.298,Jinjiang Inn Zhoushan Putuo Shenjiamen
352,Flores Costa Cuca,GT,85.91,scattered clouds,14.65,-91.8167,Eco Hotel Centro Recreativo El Chipe
353,Igarka,RU,57.29,overcast clouds,67.4667,86.5833,"Zapolyar'ye, Gostinitsa"
355,Dingzhou,CN,76.77,clear sky,38.5131,114.9956,ÂÆúÂÆ∂Êó∂Â∞öÂÆæÈ¶Ü
356,Jacareacanga,BR,79.65,clear sky,-6.2222,-57.7528,Casa do Ianüòé
357,San Quintin,MX,75.6,clear sky,30.4833,-115.95,Don Eddie's Sport Fishing Center
358,Sitka,US,67.89,light rain,57.0531,-135.33,Westmark Sitka
359,Aragarcas,BR,70.88,clear sky,-15.8975,-52.2508,Hotel Pousada Tropical
360,Holesov,CZ,69.98,scattered clouds,49.3333,17.5783,Hotel Tacl
361,Burgos,ES,57.61,overcast clouds,42.3394,-3.7079,Hotel Corona de Castilla (Sercotel)
362,Cabra,ES,80.91,clear sky,37.4725,-4.4421,MS Fuente Las Piedras
363,Killybegs,IE,56.44,broken clouds,54.6333,-8.45,Tara Hotel
364,Klaebu,NO,52.03,overcast clouds,63.2976,10.4826,Gjenvollhytta
366,Yulara,AU,61.21,clear sky,-25.2406,130.9889,Desert Gardens Hotel - Ayers Rock Resort
367,Cockburn Town,TC,82.53,clear sky,21.4612,-71.1419,Osprey Beach Hotel
369,Mana,GF,77.99,scattered clouds,5.6592,-53.7767,LE SAMANA
371,Sao Joao Da Barra,BR,62.02,scattered clouds,-21.6403,-41.0511,Pousada Porto De Canoas
372,Utinga,BR,77.85,few clouds,-5.8172,-35.3954,Espa√ßo de Lazer √ârica Fernandes
374,Husavik,IS,50.54,clear sky,66.0449,-17.3389,Bjarnab√∫√∞
376,Champerico,GT,89.76,overcast clouds,14.3,-91.9167,"Hotel y restaurante ""El Diamante"""
377,Cervo,ES,60.19,overcast clouds,43.6702,-7.4101,Hotel Spa Galatea
378,Alta Gracia,AR,56.88,clear sky,-31.6529,-64.4283,Hotel Ritz
379,Hamilton,US,82.65,haze,39.1834,-84.5333,Six Acres Bed & Breakfast
380,Paita,PE,68.38,broken clouds,-5.0892,-81.1144,Hotel N√°utico de Paita
381,Concarneau,FR,61.57,broken clouds,47.875,-3.9225,Brit Hotel de L' Oc√©an
383,Nishihara,JP,83.48,mist,26.1842,127.7558,Minshuku Agaihama
384,Saldanha,ZA,55.29,clear sky,-33.0117,17.9442,Blue Bay Lodge
385,Flinders,AU,58.37,broken clouds,-34.5833,150.8552,Shellharbour Resort & Conference Centre
386,Careiro Da Varzea,BR,74.03,light rain,-3.2003,-59.8119,POUSADA DA ALDENORA
387,Shingu,JP,83.39,clear sky,33.7333,135.9833,Shingu UI Hotel
388,Reze,FR,61.05,clear sky,47.1814,-1.5497,R√©sid' Spa -Loire & S√®vre
389,Petukhovo,RU,59.97,overcast clouds,55.0692,67.9019,–ì–æ—Å—Ç–∏–Ω–∏—Ü–∞
390,Bonavista,CA,64.11,overcast clouds,48.6499,-53.1147,Abbott's Bed & Breakfast
391,Andilamena,MG,56.89,broken clouds,-17.0167,48.5833,Police men home Andilamina
392,Kaeo,NZ,62.33,moderate rain,-35.1,173.7833,Bushido Lodge
393,Erdenet,MN,52.07,few clouds,49.0333,104.0833,Erdenet hotel
394,Mumford,GH,75.56,overcast clouds,5.2618,-0.759,Spanish Villa
395,Bemidji,US,84.15,haze,47.4736,-94.8803,Hampton Inn & Suites Bemidji
396,Nyurba,RU,64.89,clear sky,63.2842,118.3319,Gostinitsa Alrosa
397,Lamu,KE,75.42,overcast clouds,-2.2717,40.902,Lamu House
398,Nome,US,51.87,light rain,64.5011,-165.4064,Dredge 7 Inn
399,Dunedin,NZ,53.8,overcast clouds,-45.8742,170.5036,Scenic Hotel Southern Cross
400,Brokopondo,SR,77.76,overcast clouds,4.75,-55.1667,Matu Island
401,Hamina,FI,58.28,moderate rain,60.5697,27.1979,SpaHotel Hamina
402,Esterhazy,CA,88.21,clear sky,50.65,-102.0843,Canalta Hotel Esterhazy
403,Manono,CD,72.36,clear sky,-7.3,27.4167,Hotel hewa bora
404,Nouakchott,MR,75.13,clear sky,18.0858,-15.9785,HOTEL IMAN ŸÅŸÜÿØŸÇ ÿ•ŸäŸÖÿßŸÜ
406,Safita,SY,77.83,clear sky,34.8205,36.1153,Safita Cham Hotel
407,Hami,CN,80.98,few clouds,42.8,93.45,Laoyutang Resort
409,Nuuk,GL,54.21,overcast clouds,64.1835,-51.7216,Vandrehuset
410,Hanna,CA,83.88,clear sky,51.6334,-111.9018,"West View Motel, Hanna, AB"
411,Muhos,FI,55.18,overcast clouds,64.808,25.9931,Montta - active camping / campsite Montan
412,Houston,US,95.72,thunderstorm,29.7633,-95.3633,"Hotel ICON, Autograph Collection"
413,Zhigansk,RU,68.02,clear sky,66.7697,123.3711,Gostinichnyy Kompleks Aylgy
415,Port Augusta,AU,61.7,broken clouds,-32.5,137.7667,Majestic Oasis Apartments
416,Ornskoldsvik,SE,58.15,broken clouds,63.2909,18.7153,„Éï„Ç°„Éº„Çπ„Éà„Éõ„ÉÜ„É´ „Çπ„Çø„ÉÉ„Éà
418,Charlestown,AU,61.56,clear sky,-32.95,151.6667,Panorama Motor Inn Hotel
420,Las Vegas,US,97.48,clear sky,36.175,-115.1372,Plaza Hotel & Casino
421,Andrushivka,UA,65.97,few clouds,50.0229,29.0202,–ö–ª–æ–ø–∞—Ä–Ω—è
423,Arkhipo-Osipovka,RU,72.88,clear sky,44.37,38.52,Zolotoy Kashtan Guest House
424,Zinder,NE,79.43,clear sky,13.8072,8.9881,Hotel de Ville
425,Sao Felix Do Xingu,BR,78.76,overcast clouds,-6.6447,-51.995,Rio Xingu Camping
426,Barranca,PE,63.84,scattered clouds,-10.75,-77.7667,El Olivar Hospedaje
427,Macas,EC,63.28,light rain,-2.3167,-78.1167,Casa Upano
429,Neuquen,AR,59.04,overcast clouds,-38.9516,-68.0591,Hotel del Comahue
430,Nha Trang,VN,84.2,overcast clouds,12.25,109.1833,Sheraton Nha Trang Hotel & Spa
431,Pyshma,RU,57.51,scattered clouds,56.9523,63.2513,"Gostinitsa ""Postoyalyy Dvor"""
432,Dickson,US,90.54,few clouds,36.077,-87.3878,East Hills Bed & Breakfast Inn
433,Fortuna,US,61.72,few clouds,40.5982,-124.1573,Super 8 by Wyndham Fortuna
434,Gimli,CA,88.43,broken clouds,50.6336,-96.9907,Lakeview Gimli Resort
435,Olafsvik,IS,56.32,overcast clouds,64.8945,-23.7142,Hotel Olafsvik
436,Sopelana,ES,64.18,broken clouds,43.3789,-2.9831,Hotel Modus Vivendi
437,Nicoya,CR,89.15,few clouds,10.1483,-85.452,Guayacan Real
438,Progreso,MX,87.12,clear sky,21.2833,-89.6667,Playa Linda Hotel
439,Ifakara,TZ,70.75,broken clouds,-8.1333,36.6833,Tanzanian Training Centre for International Health
440,Killin,US,98.55,clear sky,33.6123,-91.7412,US Forestry Department
441,Samarai,PG,80.04,overcast clouds,-10.6167,150.6667,Nuli Sapi
442,Qaqortoq,GL,61.3,overcast clouds,60.7167,-46.0333,Hotel Qaqortoq
443,Faya,SA,64.92,overcast clouds,18.3851,42.4509,ÿßŸÖŸÑÿßŸÉ ÿÆÿßŸÑÿØ ÿßŸÑÿ¥ÿπÿ¥Ÿàÿπ
444,Flin Flon,CA,78.76,broken clouds,54.7682,-101.865,Victoria Inn Flin Flon
445,Loei,TH,66.83,light rain,17.4167,101.5,‡πÑ‡∏£‡πà‡∏™‡∏≤‡∏ô‡∏ï‡∏° ‡∏ö‡πâ‡∏≤‡∏ô‡∏†‡∏π‡∏•‡πâ‡∏≠‡∏°
446,Bumba,CD,71.08,overcast clouds,2.1833,22.4667,H√¥tel Cape Town
447,Lagoa,PT,70.56,clear sky,39.05,-27.9833,Casa Das Faias
449,Porto Da Folha,BR,68.27,few clouds,-9.9172,-37.2783,Constru√ß√£o A &R ks material de constru√ß√£o
450,Nemuro,JP,68.18,overcast clouds,43.3236,145.575,Hotel Nemuro Kaiyoutei
451,Saint George,US,99.07,clear sky,37.1041,-113.5841,Best Western Plus Abbey Inn
452,Inhambane,MZ,65.21,clear sky,-23.865,35.3833,Oceano
453,Villavieja,ES,79.5,clear sky,39.85,-0.1833,Hotel-Balneario de Villavieja
454,Pemba,MZ,72.39,light rain,-12.974,40.5178,Guesthouse Samotina
455,Viedma,AR,52.81,overcast clouds,-40.8135,-62.9967,Hotel Cristal
456,Lhokseumawe,ID,77.29,overcast clouds,5.1801,97.1507,OYO 3278 Penginapan Alfajri
457,Burns Lake,CA,85.08,clear sky,54.2331,-125.7533,Burns Lake Bed and Breakfast
458,Carrollton,US,100.72,few clouds,32.9537,-96.8903,Days Inn by Wyndham North Dallas/Farmers Branch
459,Alamosa,US,83.71,clear sky,37.4695,-105.87,Best Western Alamosa Inn
460,Tocopilla,CL,61.57,scattered clouds,-22.092,-70.1979,Hotel Galvarino
462,Tomatlan,MX,87.19,overcast clouds,19.9333,-105.25,El Salvial
463,Lasa,IT,63.36,broken clouds,46.6166,10.7002,Pension Feldg√§rtenhof
464,Ayagoz,KZ,53.76,few clouds,47.9714,80.4392,Gostinitsa Nur
465,Umea,SE,58.93,scattered clouds,63.8284,20.2597,Hotel Avenue | ProfilHotels
466,Antofagasta,CL,56.48,scattered clouds,-23.65,-70.4,"Holiday Inn Express Antofagasta, an IHG Hotel"
467,Gat,IL,78.91,clear sky,31.61,34.7642,OlusHome
468,Solnechnyy,RU,56.34,overcast clouds,50.7214,136.6319,Hotel complex Pastoral
469,Manavgat,TR,89.51,clear sky,36.7867,31.4431,River Boutique Hotel
470,Saint-Georges,GD,79.65,scattered clouds,12.0564,-61.7485,Radisson Grenada Beach Resort
471,Alappuzha,IN,79.12,clear sky,9.49,76.3264,Panoramic Sea Resort
472,Granja,BR,77.72,broken clouds,-3.1203,-40.8261,Pousada Casa Grande
473,Shakawe,BW,51.76,clear sky,-18.3667,21.85,Ditlhapi Guest House
474,Fereydun Kenar,IR,75.97,overcast clouds,36.6864,52.5225,Khezer Shahr Tourist Hotel
475,Morant Bay,JM,78.62,scattered clouds,17.8815,-76.4093,Whispering Bamboo Cove Resort
476,Santa Cruz De Tenerife,ES,77.92,broken clouds,28.4682,-16.2546,Hotel Silken Atl√°ntida Santa Cruz
477,Svetlogorsk,BY,67.86,overcast clouds,52.6333,29.7333,Hotel Svetlogorsk JBIK
479,Acarau,BR,79.27,broken clouds,-2.8856,-40.12,castelo pizzaria
480,Canutama,BR,76.84,few clouds,-6.5339,-64.3831,Hotel Jhennifer
483,Pangai,TO,77.18,light rain,-19.8,-174.35,Ha'apai Beach Resort
484,Vila Velha,BR,67.95,broken clouds,-20.3297,-40.2925,Quality Suites Vila Velha
486,Billings,US,96.57,haze,45.7833,-108.5007,Best Western Plus Clocktower Inn
487,Iberia,US,94.1,clear sky,29.9502,-91.7507,back to back rv park
488,Zwedru,LR,70.65,scattered clouds,6.0667,-8.1281,Elijah Worjloh
490,Amahai,ID,78.46,broken clouds,-3.3333,128.9167,HOTEL ISABELA
491,Puerto Del Rosario,ES,71.35,few clouds,28.5004,-13.8627,Hotel JM Puerto del Rosario
492,Biarritz,FR,67.71,overcast clouds,43.4801,-1.5556,H√¥tel de l'ocean
493,Mogadishu,SO,75.94,overcast clouds,2.0371,45.3438,Hotel Juba
494,Ponta Delgada,PT,70.52,few clouds,37.7333,-25.6667,Vila Nova Hotel
495,Pingliang,CN,74.14,clear sky,35.5392,106.6861,North Gate Hostel
496,Harper,LR,76.84,light rain,4.375,-7.7169,Screensaver
497,Petrolina,BR,80.65,clear sky,-9.3986,-40.5008,JB Hotel
498,Ardakan,IR,89.98,scattered clouds,32.31,54.0175,Ardakan Hotel
499,Mbanza-Ngungu,CD,71.44,clear sky,-5.25,14.8667,Hotel Full Business
500,Oros,BR,78.98,broken clouds,-6.2444,-38.9136,Pousada Or√≥s
501,Streletskoye,RU,68.81,clear sky,50.6371,36.4729,Red House
502,Tromso,NO,52.45,broken clouds,69.6496,18.957,"Radisson Blu Hotel, Troms√∏"
503,Michalovce,SK,71.44,few clouds,48.7543,21.9195,Hotel Mousson
504,Mackay,AU,71.04,broken clouds,-21.15,149.2,International Lodge Motel
506,Dentsville,US,93.58,clear sky,34.064,-80.9582,Columbia Northeast Hotel
507,Sao Raimundo Nonato,BR,80.26,few clouds,-9.0153,-42.6994,Real Hotel
508,Yatou,CN,80.44,light rain,37.15,122.3833,GreenTree Hotel Rongcheng Bus Station
509,Bom Jesus,BR,86.77,overcast clouds,-9.0744,-44.3586,Hotel Bras√£o & Floricultura Bella Flor
512,Ghanzi,BW,50.36,clear sky,-21.5667,21.7833,Ghanzi Farmhouse
513,Rabat,MA,72.05,scattered clouds,33.9911,-6.8401,H√¥tel Mercure Rabat Sheherazade
514,Villamontes,BO,57.74,overcast clouds,-21.25,-63.5,Hotel Raldes
515,Bollnas,SE,58.39,broken clouds,61.3482,16.3946,Grand Hotel
516,Santa Cruz,BO,62.74,broken clouds,-17.8,-63.1667,Aviador Hotel Boutique
517,Kavaratti,IN,82.17,overcast clouds,10.5669,72.642,Hotels in Lakshadweep Islands
518,Boa Vista,BR,82.38,scattered clouds,2.8197,-60.6733,Aipana Plaza Hotel
519,Kandrian,PG,80.44,light rain,-6.2167,149.55,Kandrian Station
520,Niamtougou,TG,73.89,overcast clouds,9.7681,1.1053,Sevebat
521,Komsomolskiy,UZ,71.02,scattered clouds,40.4272,71.7189,Ikathouse
522,Brignoles,FR,73.11,clear sky,43.4,6.0667,Inter-hotel La Belle Etape
523,Matay,EG,84.96,broken clouds,28.419,30.7792,Nag Aespen
525,Katsuura,JP,80.71,clear sky,35.1333,140.3,Katsuura Hotel Mikazuki
526,Half Moon Bay,US,98.74,clear sky,37.4636,-122.4286,"The Ritz-Carlton, Half Moon Bay"
527,Sabang,ID,81.95,overcast clouds,5.8933,95.3214,Hotel Citra
529,Ixtapa,MX,86.23,overcast clouds,20.7,-105.2,Hotel Plaza Providencia
530,Rosarito,MX,90.66,scattered clouds,32.3333,-117.0333,Hotel Festival Plaza Rosarito
531,Caraballeda,VE,78.96,scattered clouds,10.6112,-66.8522,Hotel 15 Letras
532,Sao Filipe,CV,76.05,broken clouds,14.8961,-24.4956,Hotel Xaguate
534,Itarema,BR,79.21,broken clouds,-2.9248,-39.9167,"Sea Lounge! Bar, Club & Restaurant"
535,Abnub,EG,87.57,overcast clouds,27.2696,31.1511,Romany Adly Gad
540,At-Bashi,KG,51.31,scattered clouds,41.1702,75.8106,Hostel At-Bashy
542,Roebourne,AU,65.61,broken clouds,-20.7833,117.1333,Latitude20 Roebourne Village
543,Wyszkow,PL,70.92,broken clouds,52.5928,21.4584,PPUH Bias Sp. z. o. o.
544,Puerto Quijarro,BO,64.38,clear sky,-17.7833,-57.7667,Hotel palance
545,Vytegra,RU,58.28,overcast clouds,61.0064,36.4481,Wardenclyffe Volgo&Balt
546,Grafton,US,74.71,clear sky,42.207,-71.6856,The Grafton Inn
547,Morondava,MG,70.14,few clouds,-20.2833,44.2833,La Case Bambou
548,Kisangani,CD,69.62,light rain,0.5167,25.2,Grand Ramela Hotel
550,Eyemouth,GB,57.83,overcast clouds,55.8713,-2.0901,Redhall Cottage
551,Manjacaze,MZ,62.4,scattered clouds,-24.7117,33.8828,Hotel Gani
552,Weiser,US,108.61,overcast clouds,44.251,-116.9693,The Colonial Motel
553,Szigetvar,HU,79.14,clear sky,46.0486,17.8055,Hotel Kumilla
555,Anloga,GH,77.16,overcast clouds,5.7947,0.8973,Pin Drop Hotel
557,Baliuag,PH,82.08,overcast clouds,14.9333,120.8833,Amore Apartelle
559,Eskil,TR,69.84,clear sky,38.4017,33.4131,Eskil √ñƒüretmen Evi
560,Fare,PF,77.74,scattered clouds,-16.7,-151.0167,Maitai Lapita Village Huahine
561,Makakilo City,US,88.12,broken clouds,21.3469,-158.0858,Marriott's Ko Olina Beach Club
562,Basco,PH,83.37,moderate rain,20.4487,121.9702,Nathaniel's Lodge
563,Kentau,KZ,74.28,clear sky,43.5206,68.5094,Safary
564,Santiago,CL,62.29,clear sky,-33.4569,-70.6483,Che Lagarto Hostel Santiago
565,Port-Cartier,CA,60.93,overcast clouds,50.0334,-66.8654,Le Q'Artier
566,Kosonsoy,UZ,66.76,clear sky,41.2561,71.5508,"–ì–æ—Å—Ç–∏–Ω–∏—Ü–∞ ""Goldstar'"
569,Bichena,ET,54.21,light rain,10.45,38.2,yichalal hotel
570,Tateyama,JP,82.98,clear sky,34.9833,139.8667,Tateyama Seaside Hotel
571,College,US,71.55,broken clouds,64.8569,-147.8028,Pike's Waterfront Lodge
573,Santa Isabel Do Rio Negro,BR,73.27,broken clouds,-0.4139,-65.0192,Hotel GSA
574,Cozumel,MX,87.78,broken clouds,20.5083,-86.9458,Cozumel Palace¬Æ All Inclusive Resort
575,Cairns,AU,77.95,broken clouds,-16.9167,145.7667,Mantra Trilogy Cairns
576,Batagay,RU,68.2,broken clouds,67.6333,134.6333,Gostinitsa Ki'ileekh
577,Boueni,YT,78.78,clear sky,-12.9025,45.0761,The feet in water
579,Santa Rosa,PH,82.11,overcast clouds,14.3122,121.1114,Erlyn‚Äôs Sta Rosa City Home
581,Port Hardy,CA,66.99,broken clouds,50.6996,-127.4199,Airport Inn
583,Doha,QA,94.98,clear sky,25.2867,51.5333,Movenpick Hotel Doha
584,Roquetas De Mar,ES,75.2,clear sky,36.7642,-2.6148,Hotel Don √Ångel
586,General Bravo,MX,98.73,light rain,25.8,-99.1667,Hotel Don Joaquin
588,Oyon,PE,51.06,scattered clouds,-10.6681,-76.7731,Hotel BELLA VISTA
589,Hovd,MN,66.04,overcast clouds,48.0056,91.6419,Hotel Khovd
590,Sarangani,PH,83.91,broken clouds,5.4033,125.4636,Ballistic Islet
592,Maine-Soroa,NE,80.38,few clouds,13.2114,12.0241,Complexe
593,Chita,RU,58.89,broken clouds,52.0333,113.55,Hotel Mont Blanc
594,Olden,NO,56.91,few clouds,61.8364,6.8064,Nesset Fjordcamping Olden
595,Pacific Grove,US,93.81,clear sky,36.6177,-121.9166,Lovers Point Inn
596,Yichang,CN,79.05,clear sky,30.7144,111.2847,Gezhouba Hotel
597,Kilakarai,IN,83.53,clear sky,9.2333,78.7833,Geohomz Jamath Kilakarai
600,Sulangan,PH,83.64,overcast clouds,11.1373,123.7228,Maia's Beach Resort
601,Rakitnoye,RU,68.25,few clouds,50.8389,35.8515,Zateryannyy Ray
602,Nyimba,ZM,64.24,clear sky,-14.5566,30.8149,Dali Dali Lodge
603,Milas,TR,87.15,clear sky,37.3164,27.7839,Milashan Hotel
604,Liverpool,GB,59.54,scattered clouds,53.4106,-2.9779,Premier Inn Liverpool City Centre (Moorfields) hotel
605,Byron Bay,AU,66.06,clear sky,-28.65,153.6167,Backpackers Inn on the Beach
606,Abha,SA,64.65,thunderstorm,18.2164,42.5053,Abha Hotel
608,Buchanan,LR,78.76,light rain,5.8808,-10.0467,Kamaneahn Hotel Inc
610,Buluang,PH,82.62,overcast clouds,13.3068,123.3425,Enon Beach Resort
611,Puerto Leguizamo,CO,68.36,overcast clouds,-0.1934,-74.7819,la casona de juancho
612,Cuamba,MZ,58.87,clear sky,-14.8031,36.5372,Hotel Vision
613,Meadow Lake,US,89.82,broken clouds,34.8014,-106.5436,JKL Inc. R.V Park and Storage
614,Porto Novo,BJ,76.57,light rain,6.4965,2.6036,Tour Eiffel Hotel Benin
615,Hargeysa,SO,67.08,scattered clouds,9.56,44.065,City Center Hotel
616,Muskegon,US,75.45,broken clouds,43.3,-86.1334,Timberline Estates
618,Matara,LK,78.24,broken clouds,5.9485,80.5353,Amaloh Boutique Resort
619,Seoul,KR,81.91,overcast clouds,37.5683,126.9778,Î°ØÎç∞Ìò∏ÌÖî ÏÑúÏö∏
620,Thohoyandou,ZA,51.76,clear sky,-22.9456,30.485,Masili Guesthouse & Conference
621,Madinat Sittah Uktubar,EG,87.4,broken clouds,29.8167,31.05,Happy Kennel Academy
623,Veraval,IN,81.32,overcast clouds,20.9,70.3667,Lords Inn Somnath
624,Matoury,GF,83.01,scattered clouds,4.8483,-52.3317,H√¥tel La Marmotte
626,Tete,MZ,71.69,broken clouds,-16.1564,33.5867,Zambeze Para√≠so Misterioso
627,Mindelo,CV,76.55,scattered clouds,16.8901,-24.9804,Hotel Gaudi
628,Planaltina,BR,71.89,clear sky,-15.4528,-47.6142,Retiro Maranata
629,Nantucket,US,76.03,overcast clouds,41.2835,-70.0995,Jared Coffin House
631,Safford,US,97.72,scattered clouds,32.834,-109.7076,SpringHill Suites by Marriott Thatcher
632,Tabou,CI,76.48,light rain,4.423,-7.3528,hot√™l doufoulougou
633,Dabakala,CI,72.39,moderate rain,8.3667,-4.4333,H√¥tel Campement
634,Bertoua,CM,67.69,moderate rain,4.5833,13.6833,Hotel De Paris
635,Altay,CN,61.16,overcast clouds,47.8667,88.1167,Jinqiao Hotel
636,Puerto Ayacucho,VE,75.7,broken clouds,5.6639,-67.6236,Posada Turistica Manapiare
637,Axim,GH,76.06,broken clouds,4.8699,-2.2405,AXIM BEACH RESORT AND SPA
638,Longfeng,CN,71.01,overcast clouds,46.55,125.1167,Daqing Langtaosha Hotspring Holiday Resort
639,Birobidzhan,RU,66.67,overcast clouds,48.8,132.95,Hotel Central (Vostok)
640,Pemalang,ID,73.02,scattered clouds,-6.9,109.3667,The Winner Hotel Pemalang
641,Daru,PG,78.37,heavy intensity rain,-9.0763,143.2092,Daru Lodge
642,Manadhoo,MV,82.18,overcast clouds,5.7667,73.3833,Vevu Guesthouse
643,Santa Luzia,BR,61.7,clear sky,-19.7697,-43.8514,Pousada Chao Earth
644,Lobito,AO,70.2,clear sky,-12.3481,13.5456,Casa Rosa Hotel Residence
645,Zhaotong,CN,59.67,moderate rain,27.3167,103.7167,Jingguan Home
646,Haines Junction,CA,73.9,clear sky,60.7522,-137.5108,Parkside Inn
647,Kavali,IN,83.64,overcast clouds,14.9167,79.9833,Hotel Mourya Paradise
648,Sao Gabriel Da Cachoeira,BR,71.01,broken clouds,-0.1303,-67.0892,Alarne - √Årea De Lazer Do Alto Rio Negro
649,Nova Olinda Do Norte,BR,79.65,scattered clouds,-3.8881,-59.0942,Jardim Paiva Hotel
650,Zhoucheng,CN,82.02,clear sky,35.9122,116.3117,Yingbin Restaurant
651,Divnomorskoye,RU,73.9,clear sky,44.5011,38.1353,Primorskiy
652,Port Hawkesbury,CA,67.17,mist,45.6169,-61.3485,MacKenzie House Tourist Home B&B
653,Tambun,ID,81.46,haze,-6.2641,107.0712,@HOM Premiere Tambun
