City_ID,City,Country,Lat,Lng,Max Temp,Humidity,Cloudiness,Wind Speed,Current description
0,Ancud,CL,-41.8697,-73.8203,42.33,78,4,7.2,clear sky
1,Provideniya,RU,64.3833,-173.3,47.21,94,100,4.76,light rain
2,Cheney,US,47.4874,-117.5758,104.76,16,75,9.22,broken clouds
3,Mitsamiouli,KM,-11.3847,43.2844,76.32,68,0,6.26,clear sky
4,Korla,CN,41.7597,86.1469,84.04,29,93,12.28,overcast clouds
5,Krasnoselkup,RU,65.7,82.4667,53.47,68,63,6.29,broken clouds
6,Dikson,RU,73.5069,80.5464,43.29,98,98,7.56,overcast clouds
7,Aksarka,RU,66.5606,67.7975,47.37,91,100,9.66,overcast clouds
8,Tiksi,RU,71.6872,128.8694,47.62,75,51,7.78,broken clouds
9,Ribeira Grande,PT,38.5167,-28.7,71.38,85,13,6.82,few clouds
10,Miri,MY,4.4148,114.0089,74.44,89,74,5.41,broken clouds
11,Flagstaff,US,35.1981,-111.6513,76.32,86,40,3.44,scattered clouds
12,Broome,US,42.2506,-75.833,66.69,65,1,4.0,clear sky
13,Victoria,HK,22.2855,114.1577,84.38,91,85,8.99,light rain
14,Bathsheba,BB,13.2167,-59.5167,83.01,78,40,14.97,scattered clouds
15,Busselton,AU,-33.65,115.3333,41.09,73,96,11.52,overcast clouds
16,Hermanus,ZA,-34.4187,19.2345,52.9,84,0,2.64,clear sky
17,Eureka,US,40.8021,-124.1637,61.99,76,69,5.01,broken clouds
18,Cidreira,BR,-30.1811,-50.2056,50.38,75,0,5.64,clear sky
19,Ushuaia,AR,-54.8,-68.3,32.23,85,43,3.13,scattered clouds
20,Albany,US,42.6001,-73.9662,71.46,54,20,1.01,few clouds
21,Puerto Madero,MX,14.7208,-92.4215,89.8,55,40,0.0,scattered clouds
22,Fort Nelson,CA,58.8053,-122.7002,84.52,28,6,5.32,clear sky
23,Rio Grande,BR,-32.035,-52.0986,46.94,69,0,8.84,clear sky
24,Mount Gambier,AU,-37.8333,140.7667,52.25,91,69,7.85,broken clouds
25,Souillac,MU,-20.5167,57.5167,66.36,64,60,15.84,broken clouds
26,Sovetskaya Gavan,RU,48.9723,140.2878,62.46,86,100,9.44,overcast clouds
27,Vaini,TO,-21.2,-175.2,71.76,94,90,10.36,light rain
28,East London,ZA,-33.0153,27.9116,58.51,65,7,5.57,clear sky
29,Tuktoyaktuk,CA,69.4541,-133.0374,54.55,83,98,9.04,overcast clouds
30,San Carlos Del Zulia,VE,9.0,-71.9135,85.21,65,41,7.34,scattered clouds
31,Yellowknife,CA,62.456,-114.3525,74.28,53,95,1.01,overcast clouds
32,Bluff,NZ,-46.6,168.3333,49.8,90,100,8.99,moderate rain
33,Deputatskiy,RU,69.3,139.9,63.37,35,76,12.86,broken clouds
34,Chingirlau,KZ,51.095,54.0814,75.83,43,57,6.71,broken clouds
35,Hobart,AU,-42.8794,147.3294,55.26,76,75,1.01,light rain
36,Turayf,SA,31.6725,38.6637,79.34,35,0,13.2,clear sky
37,Serenje,ZM,-13.2325,30.2352,51.49,60,2,7.72,clear sky
38,Hilo,US,19.7297,-155.09,83.12,74,90,10.36,overcast clouds
39,Bredasdorp,ZA,-34.5322,20.0403,50.83,91,2,3.29,clear sky
40,Nikolskoye,RU,59.7035,30.7861,61.02,71,35,7.31,scattered clouds
41,Bethel,US,41.3712,-73.414,77.58,53,20,3.0,few clouds
42,Riyadh,SA,24.6877,46.7219,95.05,14,100,7.85,overcast clouds
43,Butaritari,KI,3.0707,172.7902,81.23,76,96,8.32,moderate rain
44,Joao Pinheiro,BR,-17.7425,-46.1725,64.78,26,25,5.19,scattered clouds
45,Portland,US,45.5234,-122.6762,104.52,32,12,7.96,few clouds
46,Sorong,ID,-0.8833,131.25,79.93,84,86,5.59,overcast clouds
47,Klaksvik,FO,62.2266,-6.589,47.32,81,100,18.39,overcast clouds
48,Alofi,NU,-19.0595,-169.9187,77.32,79,93,20.42,overcast clouds
49,Iqaluit,CA,63.7506,-68.5145,52.43,55,100,3.83,overcast clouds
50,Punta Arenas,CL,-53.15,-70.9167,37.11,75,40,10.36,scattered clouds
51,Cherskiy,RU,68.75,161.3,36.66,94,100,7.4,light rain
52,Upernavik,GL,72.7868,-56.1549,40.73,86,70,14.03,broken clouds
53,Dakar,SN,14.6937,-17.4441,81.48,85,89,9.95,overcast clouds
54,Carnarvon,AU,-24.8667,113.6333,63.46,57,85,21.43,overcast clouds
55,Chumikan,RU,54.7183,135.315,48.99,93,100,19.71,light rain
56,Kodiak,US,57.79,-152.4072,54.91,76,90,3.44,overcast clouds
57,Mercedes,AR,-34.6515,-59.4307,53.83,61,0,9.28,clear sky
58,Jamestown,US,42.097,-79.2353,68.72,59,40,4.0,scattered clouds
59,Rovaniemi,FI,66.5,25.7167,54.81,82,90,6.91,overcast clouds
60,Mataura,NZ,-46.1927,168.8643,49.48,99,100,1.74,overcast clouds
61,Rikitea,PF,-23.1203,-134.9692,71.98,76,84,10.78,light rain
62,Cape Town,ZA,-33.9258,18.4232,54.27,92,0,5.75,fog
63,Kapaa,US,22.0752,-159.319,88.12,67,90,3.0,overcast clouds
64,Abu Dhabi,AE,24.4667,54.3667,93.22,79,37,3.44,scattered clouds
65,Atuona,PF,-9.8,-139.0333,77.18,75,34,15.52,scattered clouds
66,Constitucion,CL,-35.3333,-72.4167,52.66,85,64,11.14,broken clouds
67,Torbay,CA,47.6666,-52.7314,61.29,83,97,13.85,overcast clouds
68,Fairbanks,US,64.8378,-147.7164,73.09,57,90,5.75,overcast clouds
69,Thompson,CA,55.7435,-97.8558,75.7,29,23,14.9,few clouds
70,Harwich,GB,51.9419,1.2844,61.34,92,57,13.0,broken clouds
71,Arvika,SE,59.6553,12.5852,57.81,97,18,4.16,few clouds
72,New Norfolk,AU,-42.7826,147.0587,54.9,76,85,1.01,light rain
73,Haicheng,CN,40.8516,122.7475,77.76,82,90,9.51,overcast clouds
74,Arraial Do Cabo,BR,-22.9661,-42.0278,63.91,65,91,18.66,overcast clouds
75,Karratha,AU,-20.7377,116.8463,66.58,72,69,9.57,broken clouds
76,Aberdeen,GB,57.1437,-2.0981,56.5,98,90,8.05,overcast clouds
77,Tuy Hoa,VN,13.0833,109.3,83.05,67,95,12.53,overcast clouds
78,Bacolod,PH,10.6667,122.95,80.76,87,93,10.56,overcast clouds
79,Joshimath,IN,30.5667,79.5667,69.84,87,93,2.39,overcast clouds
80,Avarua,CK,-21.2078,-159.775,77.05,65,100,16.11,overcast clouds
81,Port Lincoln,AU,-34.7333,135.8667,55.49,94,86,9.78,overcast clouds
82,Saint-Augustin,CA,51.226,-58.6502,58.64,78,100,11.7,overcast clouds
83,Ilulissat,GL,69.2167,-51.1,59.02,38,73,10.36,broken clouds
84,Berezovyy,RU,51.6667,135.7,55.31,82,100,3.89,overcast clouds
85,Norman Wells,CA,65.282,-126.8329,83.32,34,31,4.85,scattered clouds
86,Craig,US,40.5153,-107.5464,86.59,44,1,12.66,thunderstorm
87,Hithadhoo,MV,-0.6,73.0833,80.73,77,94,6.22,overcast clouds
88,Goderich,CA,43.7501,-81.7165,64.9,62,0,12.97,clear sky
89,Airai,TL,-8.9266,125.4092,61.81,62,52,2.39,broken clouds
90,Lunglei,IN,22.8833,92.7333,66.18,98,100,2.68,overcast clouds
91,Bordighera,IT,43.7806,7.6645,77.25,86,0,3.0,clear sky
92,Gasa,PS,31.5,34.4667,78.78,77,0,1.86,clear sky
93,Touros,BR,-5.1989,-35.4608,77.61,79,41,16.46,scattered clouds
94,Natal,BR,-5.795,-35.2094,76.62,80,99,11.99,overcast clouds
95,Kavieng,PG,-2.5744,150.7967,83.53,74,67,8.08,broken clouds
96,Port-Gentil,GA,-0.7193,8.7815,76.6,77,15,15.48,few clouds
97,Te Anau,NZ,-45.4167,167.7167,45.32,95,100,2.77,overcast clouds
98,Bucerias,MX,20.75,-105.3333,86.99,74,90,9.22,overcast clouds
99,Broken Hill,AU,-31.95,141.4333,60.87,47,0,5.99,clear sky
100,Hofn,IS,64.2539,-15.2082,50.25,85,13,7.07,few clouds
101,Qaanaaq,GL,77.484,-69.3632,41.85,90,99,0.72,overcast clouds
102,Rockledge,US,28.3508,-80.7253,92.28,78,1,8.99,clear sky
103,Tocache,PE,-8.1842,-76.5125,72.34,81,96,2.15,overcast clouds
104,Comodoro Rivadavia,AR,-45.8667,-67.5,46.26,29,0,11.5,clear sky
105,Port Alfred,ZA,-33.5906,26.891,57.88,73,24,6.35,few clouds
106,Beringovskiy,RU,63.05,179.3167,42.73,77,94,16.62,overcast clouds
107,Grindavik,IS,63.8424,-22.4338,55.87,94,0,4.61,clear sky
108,Villa Bruzual,VE,9.3328,-69.1208,75.83,90,38,1.81,scattered clouds
109,Mar Del Plata,AR,-38.0023,-57.5575,54.88,57,0,5.99,clear sky
110,Castro,BR,-24.7911,-50.0119,39.42,70,98,5.53,overcast clouds
111,Grasten,DK,54.9192,9.5952,62.64,84,90,6.91,moderate rain
112,Omboue,GA,-1.5746,9.2618,73.65,79,8,7.85,clear sky
113,Charters Towers,AU,-20.1,146.2667,70.88,71,64,13.22,broken clouds
114,Faanui,PF,-16.4833,-151.75,77.61,73,70,17.45,broken clouds
115,Les Escoumins,CA,48.1111,-69.0236,51.49,82,100,13.13,overcast clouds
116,La Ronge,CA,55.1001,-105.2842,74.46,38,69,8.95,broken clouds
117,Quelimane,MZ,-17.8786,36.8883,65.34,95,2,4.27,clear sky
118,Edd,ER,13.9297,41.6925,91.42,58,99,10.92,overcast clouds
119,Krasnokholm,RU,51.5979,54.1567,73.04,56,44,2.21,scattered clouds
120,Reconquista,AR,-29.15,-59.65,49.59,48,0,7.7,clear sky
121,Tierralta,CO,8.1736,-76.0592,80.76,87,47,4.79,scattered clouds
122,Barrow,US,71.2906,-156.7887,51.82,87,90,9.22,light rain
123,Ortakoy,TR,38.7373,34.0387,68.25,59,0,6.46,clear sky
124,Lucapa,AO,-8.4192,20.7447,67.05,33,0,4.47,clear sky
125,Linqiong,CN,30.4159,103.4609,75.02,71,90,2.39,overcast clouds
126,Nanortalik,GL,60.1432,-45.2371,44.6,86,100,11.07,light rain
127,Chokurdakh,RU,70.6333,147.9167,62.76,42,100,14.65,overcast clouds
128,Ahipara,NZ,-35.1667,173.1667,58.33,86,100,16.2,light rain
129,Pergine Valsugana,IT,46.065,11.238,71.35,79,70,0.34,broken clouds
130,Ukiah,US,39.1502,-123.2078,107.53,11,1,11.5,clear sky
131,Tiznit,MA,29.5833,-9.5,80.51,43,11,2.48,few clouds
132,Caravelas,BR,-17.7125,-39.2481,67.33,78,100,10.6,overcast clouds
133,Bandarbeyla,SO,9.4942,50.8122,76.53,72,31,23.91,scattered clouds
134,Sibolga,ID,1.7427,98.7792,75.18,89,92,2.95,overcast clouds
135,Lodja,CD,-3.4833,23.4333,80.98,32,93,1.25,overcast clouds
136,Salaga,GH,8.5508,-0.5188,77.38,80,100,4.79,light rain
137,Narsaq,GL,60.9167,-46.05,61.02,65,100,4.81,overcast clouds
138,Agirish,RU,61.9247,63.0231,47.75,91,72,5.32,broken clouds
139,Blackwater,AU,-23.5833,148.8833,66.58,78,30,10.76,scattered clouds
140,Port Hedland,AU,-20.3167,118.5667,64.45,88,75,9.22,broken clouds
141,Rock Springs,US,41.5875,-109.2029,80.04,34,20,11.5,few clouds
142,Biak,ID,-0.9131,122.8766,76.23,84,65,4.7,broken clouds
143,Bar Harbor,US,44.3876,-68.2039,68.94,68,20,11.01,few clouds
144,Skibbereen,IE,51.55,-9.2667,58.8,85,78,12.37,broken clouds
145,Dharchula,IN,29.85,80.5333,71.2,90,94,1.81,overcast clouds
146,Zhifang,CN,30.35,114.3167,82.49,71,0,2.93,clear sky
147,Pozzallo,IT,36.7305,14.8499,84.22,60,0,10.31,clear sky
148,Pangnirtung,CA,66.1451,-65.7125,58.71,59,88,3.13,overcast clouds
149,Muros,ES,42.7762,-9.0603,64.24,80,41,8.88,scattered clouds
150,Talnakh,RU,69.4865,88.3972,58.5,90,100,6.33,overcast clouds
151,Pevek,RU,69.7008,170.3133,33.01,89,100,12.17,overcast clouds
152,Cabo San Lucas,MX,22.8909,-109.9124,95.61,66,1,4.0,clear sky
153,Lipari,IT,38.4674,14.954,86.09,73,0,5.37,clear sky
154,Rubio,VE,7.7013,-72.3557,81.45,87,56,4.88,broken clouds
155,Aden,YE,12.7794,45.0367,81.55,76,57,6.96,light rain
156,Virden,US,39.5009,-89.7679,80.85,71,11,6.69,few clouds
157,Puerto Ayora,EC,-0.7393,-90.3518,69.55,97,68,1.99,light rain
158,Talara,PE,-4.5772,-81.2719,67.32,84,76,14.67,broken clouds
159,Mareeba,AU,-17.0,145.4333,73.33,85,91,5.06,overcast clouds
160,Marawi,PH,7.9986,124.2928,68.65,80,84,2.37,broken clouds
161,Namibe,AO,-15.1961,12.1522,67.39,82,36,5.1,scattered clouds
162,Kaitangata,NZ,-46.2817,169.8464,54.93,83,97,4.81,light rain
163,Lang Son,VN,21.8333,106.7333,78.75,92,100,1.45,overcast clouds
164,Tasiilaq,GL,65.6145,-37.6368,48.36,79,21,2.21,few clouds
165,Waingapu,ID,-9.6567,120.2641,73.72,78,10,6.22,clear sky
166,Swan River,CA,52.1058,-101.2676,87.67,18,27,13.42,scattered clouds
167,Havre-Saint-Pierre,CA,50.2334,-63.5986,57.06,93,99,11.5,overcast clouds
168,Poum,NC,-20.2333,164.0167,70.66,57,0,24.54,clear sky
169,Ballina,AU,-28.8667,153.5667,58.78,62,1,6.04,clear sky
170,Port Macquarie,AU,-31.4333,152.9167,54.9,50,0,7.29,clear sky
171,Taksimo,RU,56.3444,114.8794,64.09,58,23,1.48,few clouds
172,Kahului,US,20.8947,-156.47,87.96,66,40,26.46,scattered clouds
173,Iquique,CL,-20.2208,-70.1431,59.04,85,100,0.76,overcast clouds
174,Gornopravdinsk,RU,60.05,69.9,54.05,99,100,2.93,light rain
175,Chuy,UY,-33.6971,-53.4616,45.37,76,0,6.38,clear sky
176,Salalah,OM,17.0151,54.0924,77.09,94,90,11.5,overcast clouds
177,Ayr,GB,55.4627,-4.6339,60.49,94,20,8.05,few clouds
178,Ocampo,MX,21.65,-101.5,69.01,54,77,19.04,broken clouds
179,Kollo,NE,13.3043,2.339,85.01,57,98,8.84,overcast clouds
180,Kapit,MY,2.0167,112.9333,73.54,99,74,1.21,broken clouds
181,Kruisfontein,ZA,-34.0033,24.7314,50.54,78,6,5.39,clear sky
182,Srednekolymsk,RU,67.45,153.6833,51.13,49,100,11.74,overcast clouds
183,Lebu,CL,-37.6167,-73.65,50.07,92,99,14.25,overcast clouds
184,Ternate,ID,0.8,127.4,81.23,80,49,1.01,moderate rain
185,Rawson,AR,-43.3002,-65.1023,51.58,37,100,17.58,overcast clouds
186,Shar,KZ,49.5886,81.0453,56.75,40,0,4.56,clear sky
187,Snasa,NO,64.2457,12.3778,52.57,86,100,4.03,overcast clouds
188,Kiunga,PG,-6.1219,141.2906,72.9,99,100,2.01,overcast clouds
189,Beloha,MG,-25.1667,45.05,63.75,88,0,4.56,clear sky
190,Dawson Creek,CA,55.7666,-120.2362,82.67,31,3,7.09,clear sky
191,Mandalgovi,MN,45.7625,106.2708,53.71,84,2,19.33,clear sky
192,Pudozh,RU,61.8099,36.5345,56.21,89,66,3.71,broken clouds
193,Maniitsoq,GL,65.4167,-52.9,47.88,81,77,8.7,broken clouds
194,Lavrentiya,RU,65.5833,-171.0,45.23,90,99,6.53,overcast clouds
195,Tautira,PF,-17.7333,-149.15,82.42,69,57,16.87,broken clouds
196,Hatillo,PR,18.4863,-66.8254,85.08,80,60,20.89,broken clouds
197,Evensk,RU,61.95,159.2333,53.87,48,35,2.98,scattered clouds
198,Praia,CV,14.9215,-23.5087,77.54,83,75,12.66,broken clouds
199,Bambous Virieux,MU,-20.3428,57.7575,66.22,63,53,16.6,broken clouds
200,Sistranda,NO,63.7256,8.834,54.9,78,100,4.41,overcast clouds
201,Saint-Francois,FR,46.4154,3.9054,65.41,90,0,3.44,clear sky
202,Sola,VU,-13.8833,167.55,78.37,75,84,17.11,broken clouds
203,Alyangula,AU,-13.8483,136.4192,71.47,100,75,0.0,broken clouds
204,Geraldton,AU,-28.7667,114.6,56.12,71,40,12.66,scattered clouds
205,Saint-Philippe,RE,-21.3585,55.7679,67.59,74,80,14.52,broken clouds
206,Havelock,US,34.8791,-76.9013,91.36,87,10,7.0,clear sky
207,Najran,SA,17.4924,44.1277,85.32,35,93,7.16,overcast clouds
208,Fukue,JP,32.6881,128.8419,81.45,82,59,6.4,broken clouds
209,Vezirkopru,TR,41.1436,35.4547,63.09,64,0,1.43,clear sky
210,Ambon,ID,-3.6954,128.1814,73.54,94,40,1.14,scattered clouds
211,Benguela,AO,-12.5763,13.4055,69.87,88,3,2.91,clear sky
212,Georgetown,MY,5.4112,100.3354,76.95,92,20,0.0,few clouds
213,Codrington,AU,-38.2667,141.9667,51.84,80,57,14.0,broken clouds
214,Vao,NC,-22.6667,167.4833,67.59,55,1,24.58,clear sky
215,Grand Gaube,MU,-20.0064,57.6608,66.38,71,55,5.01,broken clouds
216,Petropavlovsk-Kamchatskiy,RU,53.0452,158.6483,54.19,100,90,11.18,light intensity shower rain
217,Ibra,OM,22.6906,58.5334,84.22,58,79,5.99,broken clouds
218,Bengkulu,ID,-3.8004,102.2655,74.41,91,24,5.21,few clouds
219,Guerrero Negro,MX,27.9769,-114.0611,80.33,59,13,17.67,few clouds
220,Barabinsk,RU,55.3571,78.357,57.72,57,60,12.64,broken clouds
221,Cravinhos,BR,-21.3403,-47.7294,54.32,37,29,5.91,scattered clouds
222,Moengo,SR,5.6167,-54.4,73.9,98,99,2.35,overcast clouds
223,Khani,GE,41.9563,42.9566,62.17,95,82,0.92,broken clouds
224,Abu Samrah,SY,35.3029,37.1841,78.3,49,0,7.63,clear sky
225,Asind,IN,25.7333,74.3333,77.67,86,100,23.09,overcast clouds
226,Quime,BO,-16.9833,-67.2167,46.15,90,90,4.34,overcast clouds
227,Ponta Do Sol,PT,32.6667,-17.1,72.23,79,9,5.28,clear sky
228,Isangel,VU,-19.55,169.2667,72.7,60,93,17.56,overcast clouds
229,Tiarei,PF,-17.5333,-149.3333,82.42,70,48,18.25,scattered clouds
230,Rocky Mountain House,CA,52.3668,-114.9188,78.84,36,1,7.02,clear sky
231,Nyborg,DK,55.3127,10.7896,64.92,80,69,8.12,broken clouds
232,Novopokrovka,UA,49.8425,36.5477,68.38,72,75,5.32,broken clouds
233,Kampot,KH,10.6167,104.1833,82.45,84,100,9.62,moderate rain
234,Ndioum,SN,16.5129,-14.6471,87.15,53,100,18.14,overcast clouds
235,Lensk,RU,60.7253,114.9278,65.14,42,7,4.54,clear sky
236,Alice Springs,AU,-23.7,133.8833,60.35,36,0,0.0,clear sky
237,Clyde River,CA,70.4692,-68.5914,38.59,86,39,7.18,scattered clouds
238,Dingle,PH,10.9995,122.6711,81.12,85,99,8.16,overcast clouds
239,Mount Isa,AU,-20.7333,139.5,64.17,39,4,3.44,clear sky
240,Turukhansk,RU,65.8167,87.9833,56.52,89,98,7.74,overcast clouds
241,Los Llanos De Aridane,ES,28.6585,-17.9182,67.75,93,0,19.57,clear sky
242,Road Town,VG,18.4167,-64.6167,83.19,78,40,10.36,scattered clouds
243,Dicabisagan,PH,17.0818,122.4157,83.66,76,100,1.9,overcast clouds
244,Blythe,US,33.6103,-114.5964,97.25,30,1,0.0,clear sky
245,Lompoc,US,34.6391,-120.4579,91.13,73,90,14.97,mist
246,Ravar,IR,31.2656,56.8055,77.14,31,1,0.27,clear sky
247,Saint Anthony,US,45.0205,-93.218,80.94,52,40,1.99,haze
248,Gizo,SB,-8.103,156.8419,82.18,77,67,10.58,light rain
249,Kuandian,CN,40.7286,124.7847,72.66,94,92,9.73,overcast clouds
250,Port Elizabeth,ZA,-33.918,25.5701,55.09,77,5,7.45,clear sky
251,Tarko-Sale,RU,64.9225,77.785,50.05,82,22,7.76,few clouds
252,Safakulevo,RU,54.9901,62.5442,59.45,95,2,8.52,clear sky
253,Sisimiut,GL,66.9395,-53.6735,55.49,59,50,0.69,scattered clouds
254,Newport,GB,51.5877,-2.9984,61.86,87,99,7.18,overcast clouds
255,Leningradskiy,RU,69.3833,178.4167,33.31,98,100,19.95,light snow
256,Saryg-Sep,RU,51.5,95.6,56.07,53,100,2.62,overcast clouds
257,Anadyr,RU,64.75,177.4833,45.1,70,75,13.0,broken clouds
258,Selfoss,IS,63.9331,-20.9971,59.04,88,74,2.19,broken clouds
259,Oranjemund,NA,-28.55,16.4333,65.07,36,0,4.34,clear sky
260,Saint-Pierre,RE,-21.3393,55.4781,67.68,78,40,19.57,scattered clouds
261,Sangin,AF,32.0728,64.8359,83.32,18,0,3.53,clear sky
262,Paamiut,GL,61.994,-49.6678,45.57,86,100,6.4,light rain
263,Krivodanovka,RU,55.0881,82.6551,51.89,87,0,2.24,clear sky
264,Nanning,CN,22.8167,108.3167,81.09,89,99,7.38,overcast clouds
265,Salinas,US,36.6777,-121.6555,94.23,59,1,17.27,clear sky
266,Haldwani,IN,29.2167,79.5167,77.05,81,89,3.24,overcast clouds
267,Malkangiri,IN,18.35,81.9,74.64,92,100,4.85,overcast clouds
268,Ca Mau,VN,9.1769,105.15,77.95,92,100,5.28,overcast clouds
269,Hervey Bay,AU,-25.2986,152.8535,63.01,77,0,1.01,clear sky
270,Camacupa,AO,-12.0167,17.4833,55.98,28,1,4.85,clear sky
271,Manta,EC,-0.95,-80.7333,73.22,85,95,9.37,overcast clouds
272,Kikwit,CD,-5.041,18.8162,78.12,31,2,2.26,clear sky
273,Dalmatovo,RU,56.26,62.9362,57.78,97,10,7.61,clear sky
274,Lorengau,PG,-2.0226,147.2712,83.82,72,61,4.32,broken clouds
275,Doka,SD,13.5167,35.7667,69.39,95,100,9.86,overcast clouds
276,Mega,ET,4.05,38.3,56.39,75,95,15.64,overcast clouds
277,Ambunti,PG,-4.2365,142.8448,75.83,95,93,1.21,overcast clouds
278,Salinopolis,BR,-0.6136,-47.3561,79.2,82,11,8.61,few clouds
279,Khatanga,RU,71.9667,102.5,76.37,45,23,12.5,few clouds
280,Jefferson City,US,38.5767,-92.1735,89.58,61,1,5.99,clear sky
281,Esperance,AU,-33.8667,121.9,45.34,86,64,14.74,broken clouds
282,Kawalu,ID,-7.3817,108.2082,71.53,97,93,1.79,overcast clouds
283,Bismarck,US,46.8083,-100.7837,88.88,40,20,3.0,smoke
284,Illapel,CL,-31.6308,-71.1653,58.12,56,0,2.84,clear sky
285,Paso De Los Toros,UY,-32.8167,-56.5167,45.32,72,0,7.16,clear sky
286,Pundaguitan,PH,6.3711,126.1689,83.93,75,80,9.26,moderate rain
287,Itaborai,BR,-22.7444,-42.8594,60.37,73,31,3.06,scattered clouds
288,Aksu,CN,41.1231,80.2644,77.54,31,99,6.67,overcast clouds
289,Brusque,BR,-27.0981,-48.9175,56.79,82,1,1.36,clear sky
290,Laguna,US,38.421,-121.4238,110.14,22,1,5.01,clear sky
291,Kaputa,ZM,-8.4689,29.6619,66.83,48,0,5.84,clear sky
292,Lata,PT,40.1629,-8.3327,63.05,97,17,4.63,few clouds
293,Juneau,US,58.3019,-134.4197,74.84,66,75,5.75,broken clouds
294,Nouadhibou,MR,20.931,-17.0347,69.1,93,4,19.08,clear sky
295,Pisco,PE,-13.7,-76.2167,62.65,77,40,18.41,scattered clouds
296,Aswan,EG,24.0934,32.907,88.59,20,63,8.28,broken clouds
297,Kalmunai,LK,7.4167,81.8167,78.69,79,0,3.6,clear sky
298,Padang,ID,-0.9492,100.3543,76.15,84,72,3.65,broken clouds
299,Kudahuvadhoo,MV,2.6708,72.8944,81.9,73,100,4.14,overcast clouds
300,Kuytun,RU,54.3419,101.5036,55.87,84,79,3.24,broken clouds
301,Taoudenni,ML,22.6783,-3.9836,95.36,28,15,10.27,few clouds
302,Am Timan,TD,11.0297,20.2827,75.25,88,100,2.64,light rain
303,Brufut,GM,13.3814,-16.7518,73.49,100,75,0.0,broken clouds
304,Taga,RO,46.95,24.05,66.69,58,0,1.39,clear sky
305,Abrau-Dyurso,RU,44.69,37.59,65.66,71,0,1.72,clear sky
306,Hobyo,SO,5.3505,48.5268,76.39,77,100,24.09,overcast clouds
307,Tuatapere,NZ,-46.1333,167.6833,49.82,95,100,4.12,moderate rain
308,Batemans Bay,AU,-35.7167,150.1833,59.09,43,79,6.53,broken clouds
309,Canico,PT,32.6333,-16.85,72.68,80,40,20.71,scattered clouds
310,Shache,CN,38.4167,77.2406,79.29,31,36,4.03,scattered clouds
311,Atar,MR,20.5169,-13.0499,97.65,18,36,6.24,scattered clouds
312,Hasaki,JP,35.7333,140.8333,79.29,77,2,12.15,clear sky
313,Mahebourg,MU,-20.4081,57.7,66.25,63,49,16.78,scattered clouds
314,Gorontalo,ID,0.5412,123.0595,76.73,91,58,1.97,broken clouds
315,Finschhafen,PG,-6.6024,147.8681,80.33,82,95,9.62,moderate rain
316,Kuliyapitiya,LK,7.4688,80.0401,82.08,92,7,4.99,clear sky
317,Kirakira,SB,-10.4544,161.9205,82.09,75,55,8.75,broken clouds
318,Lala,PH,7.9745,123.7458,78.57,95,84,1.66,broken clouds
319,Laguna De Perlas,NI,12.3429,-83.6712,79.84,87,74,9.95,broken clouds
320,Jumla,NP,29.2747,82.1838,61.25,99,100,0.87,overcast clouds
321,Saint-Ambroise,CA,48.5501,-71.3324,57.58,82,100,10.13,overcast clouds
322,Marialva,BR,-23.485,-51.7917,54.23,37,100,4.68,overcast clouds
323,Maturin,VE,9.75,-63.1767,76.68,89,19,5.17,few clouds
324,Russell,US,32.3502,-85.1999,91.11,58,1,3.44,clear sky
325,Cabedelo,BR,-6.9811,-34.8339,75.87,82,91,11.63,overcast clouds
326,Coquimbo,CL,-29.9533,-71.3436,49.73,87,20,5.75,few clouds
327,Berlevag,NO,70.8578,29.0864,45.63,89,76,10.04,broken clouds
328,Baruni,IN,25.4833,85.9833,78.4,89,92,15.84,overcast clouds
329,Bagan,RU,54.1001,77.6646,57.52,51,29,9.66,scattered clouds
330,Ankazoabo,MG,-22.2833,44.5167,61.65,70,2,5.77,clear sky
331,Olinda,BR,-8.0089,-34.8553,74.93,73,40,11.5,scattered clouds
332,Sechura,PE,-5.5569,-80.8222,72.54,66,72,16.2,broken clouds
333,Senador Jose Porfirio,BR,-2.5908,-51.9542,74.75,92,47,3.47,light rain
334,Hualmay,PE,-11.0964,-77.6139,64.63,80,26,11.65,scattered clouds
335,Alta Floresta,BR,-9.8756,-56.0861,72.77,31,0,3.15,clear sky
336,Buala,SB,-8.145,159.5921,83.8,71,83,4.61,broken clouds
337,Kushiro,JP,42.975,144.3747,74.12,81,94,2.48,overcast clouds
338,Asau,RO,46.4333,26.4,68.4,78,1,4.03,clear sky
339,Hoquiam,US,46.9809,-123.8893,100.06,34,1,12.66,clear sky
340,Nador,MA,35.174,-2.9287,82.65,36,0,16.11,clear sky
341,San Patricio,US,28.017,-97.5169,95.72,52,79,13.42,broken clouds
342,Severo-Kurilsk,RU,50.6789,156.125,55.94,93,99,14.63,overcast clouds
343,Cayenne,GF,4.9333,-52.3333,83.08,78,40,1.01,scattered clouds
344,Luis Correia,BR,-2.8792,-41.6669,79.2,85,32,9.62,scattered clouds
345,San Cristobal,VE,7.7669,-72.225,80.78,95,53,4.59,broken clouds
346,Sinnamary,GF,5.3833,-52.95,78.78,82,13,6.31,few clouds
347,Terrace,CA,54.5163,-128.6035,87.55,41,14,1.43,few clouds
348,Binga,ZW,-17.6203,27.3414,61.63,37,25,4.59,scattered clouds
349,Vila,PT,42.0304,-8.1588,55.71,78,95,4.7,overcast clouds
350,Shenjiamen,CN,29.9576,122.298,79.2,94,94,14.25,overcast clouds
351,Kemijarvi,FI,66.7131,27.4306,49.75,82,100,5.35,overcast clouds
352,Flores Costa Cuca,GT,14.65,-91.8167,85.91,80,40,6.91,scattered clouds
353,Igarka,RU,67.4667,86.5833,57.29,88,100,5.08,overcast clouds
354,Dukat,RU,62.55,155.55,42.39,69,83,5.28,broken clouds
355,Dingzhou,CN,38.5131,114.9956,76.77,90,0,5.32,clear sky
356,Jacareacanga,BR,-6.2222,-57.7528,79.65,45,1,1.3,clear sky
357,San Quintin,MX,30.4833,-115.95,75.6,66,8,10.27,clear sky
358,Sitka,US,57.0531,-135.33,67.89,64,40,6.91,light rain
359,Aragarcas,BR,-15.8975,-52.2508,70.88,29,0,0.69,clear sky
360,Holesov,CZ,49.3333,17.5783,69.98,82,37,1.88,scattered clouds
361,Burgos,ES,42.3394,-3.7079,57.61,88,90,14.97,overcast clouds
362,Cabra,ES,37.4725,-4.4421,80.91,32,0,4.94,clear sky
363,Killybegs,IE,54.6333,-8.45,56.44,90,62,6.91,broken clouds
364,Klaebu,NO,63.2976,10.4826,52.03,78,87,2.17,overcast clouds
365,Rio Gallegos,AR,-51.6226,-69.2181,37.42,64,7,23.02,clear sky
366,Yulara,AU,-25.2406,130.9889,61.21,47,1,6.58,clear sky
367,Cockburn Town,TC,21.4612,-71.1419,82.53,84,0,18.75,clear sky
368,Yar-Sale,RU,66.8333,70.8333,47.23,95,100,16.51,light rain
369,Mana,GF,5.6592,-53.7767,77.99,86,33,5.55,scattered clouds
370,Longyearbyen,SJ,78.2186,15.6401,39.04,70,40,19.57,scattered clouds
371,Sao Joao Da Barra,BR,-21.6403,-41.0511,62.02,63,25,15.59,scattered clouds
372,Utinga,BR,-5.8172,-35.3954,77.85,73,20,5.75,few clouds
373,Teguldet,RU,57.3064,88.1667,49.82,95,6,3.98,clear sky
374,Husavik,IS,66.0449,-17.3389,50.54,71,3,1.52,clear sky
375,Kyra,RU,49.5776,111.9753,57.52,89,100,7.67,light rain
376,Champerico,GT,14.3,-91.9167,89.76,75,100,7.11,overcast clouds
377,Cervo,ES,43.6702,-7.4101,60.19,71,100,6.42,overcast clouds
378,Alta Gracia,AR,-31.6529,-64.4283,56.88,36,0,5.68,clear sky
379,Hamilton,US,39.1834,-84.5333,82.65,54,1,1.01,haze
380,Paita,PE,-5.0892,-81.1144,68.38,79,71,15.61,broken clouds
381,Concarneau,FR,47.875,-3.9225,61.57,91,59,11.21,broken clouds
382,Nizhniy Tsasuchey,RU,50.5167,115.1333,59.41,68,96,16.49,overcast clouds
383,Nishihara,JP,26.1842,127.7558,83.48,95,75,6.91,mist
384,Saldanha,ZA,-33.0117,17.9442,55.29,83,2,7.67,clear sky
385,Flinders,AU,-34.5833,150.8552,58.37,61,53,1.01,broken clouds
386,Careiro Da Varzea,BR,-3.2003,-59.8119,74.03,56,11,4.05,light rain
387,Shingu,JP,33.7333,135.9833,83.39,64,7,2.04,clear sky
388,Reze,FR,47.1814,-1.5497,61.05,91,0,3.44,clear sky
389,Petukhovo,RU,55.0692,67.9019,59.97,90,93,10.54,overcast clouds
390,Bonavista,CA,48.6499,-53.1147,64.11,74,100,14.2,overcast clouds
391,Andilamena,MG,-17.0167,48.5833,56.89,88,84,10.31,broken clouds
392,Kaeo,NZ,-35.1,173.7833,62.33,84,100,17.25,moderate rain
393,Erdenet,MN,49.0333,104.0833,52.07,87,12,4.03,few clouds
394,Mumford,GH,5.2618,-0.759,75.56,90,99,8.48,overcast clouds
395,Bemidji,US,47.4736,-94.8803,84.15,44,1,11.5,haze
396,Nyurba,RU,63.2842,118.3319,64.89,46,9,2.53,clear sky
397,Lamu,KE,-2.2717,40.902,75.42,78,100,17.47,overcast clouds
398,Nome,US,64.5011,-165.4064,51.87,87,90,6.91,light rain
399,Dunedin,NZ,-45.8742,170.5036,53.8,73,97,5.99,overcast clouds
400,Brokopondo,SR,4.75,-55.1667,77.76,83,99,5.7,overcast clouds
401,Hamina,FI,60.5697,27.1979,58.28,86,99,17.92,moderate rain
402,Esterhazy,CA,50.65,-102.0843,88.21,18,3,18.5,clear sky
403,Manono,CD,-7.3,27.4167,72.36,26,0,6.42,clear sky
404,Nouakchott,MR,18.0858,-15.9785,75.13,76,5,17.13,clear sky
405,Avera,US,33.194,-82.5271,94.91,42,16,5.17,few clouds
406,Safita,SY,34.8205,36.1153,77.83,79,0,2.51,clear sky
407,Hami,CN,42.8,93.45,80.98,24,22,17.65,few clouds
408,Serov,RU,59.6033,60.5787,49.35,98,51,2.68,broken clouds
409,Nuuk,GL,64.1835,-51.7216,54.21,71,92,3.44,overcast clouds
410,Hanna,CA,51.6334,-111.9018,83.88,28,4,5.01,clear sky
411,Muhos,FI,64.808,25.9931,55.18,96,100,4.23,overcast clouds
412,Houston,US,29.7633,-95.3633,95.72,74,75,3.44,thunderstorm
413,Zhigansk,RU,66.7697,123.3711,68.02,39,8,6.04,clear sky
414,Ostrovnoy,RU,68.0531,39.5131,44.4,94,99,7.9,overcast clouds
415,Port Augusta,AU,-32.5,137.7667,61.7,52,70,9.28,broken clouds
416,Ornskoldsvik,SE,63.2909,18.7153,58.15,100,75,4.61,broken clouds
417,Goure,NE,13.9835,10.2704,83.01,66,11,12.88,few clouds
418,Charlestown,AU,-32.95,151.6667,61.56,61,3,3.0,clear sky
419,Ouadda,CF,8.0777,22.4007,66.11,95,79,2.53,broken clouds
420,Las Vegas,US,36.175,-115.1372,97.48,34,1,9.22,clear sky
421,Andrushivka,UA,50.0229,29.0202,65.97,69,15,4.07,few clouds
422,Okhotsk,RU,59.3833,143.3,59.65,56,87,2.98,overcast clouds
423,Arkhipo-Osipovka,RU,44.37,38.52,72.88,66,0,2.53,clear sky
424,Zinder,NE,13.8072,8.9881,79.43,71,8,9.89,clear sky
425,Sao Felix Do Xingu,BR,-6.6447,-51.995,78.76,39,99,2.13,overcast clouds
426,Barranca,PE,-10.75,-77.7667,63.84,80,32,10.22,scattered clouds
427,Macas,EC,-2.3167,-78.1167,63.28,99,100,0.85,light rain
428,Honningsvag,NO,70.9821,25.9704,48.4,82,100,6.51,overcast clouds
429,Neuquen,AR,-38.9516,-68.0591,59.04,39,99,11.97,overcast clouds
430,Nha Trang,VN,12.25,109.1833,84.2,73,99,4.29,overcast clouds
431,Pyshma,RU,56.9523,63.2513,57.51,99,35,7.11,scattered clouds
432,Dickson,US,36.077,-87.3878,90.54,74,20,12.66,few clouds
433,Fortuna,US,40.5982,-124.1573,61.72,80,20,16.11,few clouds
434,Gimli,CA,50.6336,-96.9907,88.43,54,74,11.3,broken clouds
435,Olafsvik,IS,64.8945,-23.7142,56.32,85,98,1.99,overcast clouds
436,Sopelana,ES,43.3789,-2.9831,64.18,82,75,3.0,broken clouds
437,Nicoya,CR,10.1483,-85.452,89.15,78,21,3.91,few clouds
438,Progreso,MX,21.2833,-89.6667,87.12,72,9,17.92,clear sky
439,Ifakara,TZ,-8.1333,36.6833,70.75,53,75,2.06,broken clouds
440,Killin,US,33.6123,-91.7412,98.55,43,1,3.44,clear sky
441,Samarai,PG,-10.6167,150.6667,80.04,75,95,18.99,overcast clouds
442,Qaqortoq,GL,60.7167,-46.0333,61.3,86,100,3.87,overcast clouds
443,Faya,SA,18.3851,42.4509,64.92,61,93,12.28,overcast clouds
444,Flin Flon,CA,54.7682,-101.865,78.76,29,74,11.74,broken clouds
445,Loei,TH,17.4167,101.5,66.83,79,100,5.61,light rain
446,Bumba,CD,2.1833,22.4667,71.08,92,95,2.17,overcast clouds
447,Lagoa,PT,39.05,-27.9833,70.56,86,7,5.91,clear sky
448,Saskylakh,RU,71.9167,114.0833,76.91,38,11,8.05,few clouds
449,Porto Da Folha,BR,-9.9172,-37.2783,68.27,93,11,5.84,few clouds
450,Nemuro,JP,43.3236,145.575,68.18,96,88,6.6,overcast clouds
451,Saint George,US,37.1041,-113.5841,99.07,29,1,6.91,clear sky
452,Inhambane,MZ,-23.865,35.3833,65.21,73,0,8.79,clear sky
453,Villavieja,ES,39.85,-0.1833,79.5,90,1,8.1,clear sky
454,Pemba,MZ,-12.974,40.5178,72.39,77,16,15.39,light rain
455,Viedma,AR,-40.8135,-62.9967,52.81,63,90,11.36,overcast clouds
456,Lhokseumawe,ID,5.1801,97.1507,77.29,79,100,2.37,overcast clouds
457,Burns Lake,CA,54.2331,-125.7533,85.08,26,8,6.13,clear sky
458,Carrollton,US,32.9537,-96.8903,100.72,45,20,1.01,few clouds
459,Alamosa,US,37.4695,-105.87,83.71,28,1,13.8,clear sky
460,Tocopilla,CL,-22.092,-70.1979,61.57,78,46,8.28,scattered clouds
461,Thinadhoo,MV,0.5333,72.9333,81.45,75,88,2.91,overcast clouds
462,Tomatlan,MX,19.9333,-105.25,87.19,66,86,6.91,overcast clouds
463,Lasa,IT,46.6166,10.7002,63.36,87,60,2.39,broken clouds
464,Ayagoz,KZ,47.9714,80.4392,53.76,42,20,5.35,few clouds
465,Umea,SE,63.8284,20.2597,58.93,94,40,4.61,scattered clouds
466,Antofagasta,CL,-23.65,-70.4,56.48,87,43,6.31,scattered clouds
467,Gat,IL,31.61,34.7642,78.91,75,0,0.72,clear sky
468,Solnechnyy,RU,50.7214,136.6319,56.34,83,99,7.78,overcast clouds
469,Manavgat,TR,36.7867,31.4431,89.51,32,0,10.18,clear sky
470,Saint-Georges,GD,12.0564,-61.7485,79.65,83,38,11.7,scattered clouds
471,Alappuzha,IN,9.49,76.3264,79.12,80,8,11.9,clear sky
472,Granja,BR,-3.1203,-40.8261,77.72,82,72,5.17,broken clouds
473,Shakawe,BW,-18.3667,21.85,51.76,30,9,6.71,clear sky
474,Fereydun Kenar,IR,36.6864,52.5225,75.97,78,93,0.49,overcast clouds
475,Morant Bay,JM,17.8815,-76.4093,78.62,83,29,11.68,scattered clouds
476,Santa Cruz De Tenerife,ES,28.4682,-16.2546,77.92,86,75,5.01,broken clouds
477,Svetlogorsk,BY,52.6333,29.7333,67.86,63,90,4.36,overcast clouds
478,Allanridge,ZA,-27.7543,26.6438,46.11,27,0,3.65,clear sky
479,Acarau,BR,-2.8856,-40.12,79.27,82,60,13.2,broken clouds
480,Canutama,BR,-6.5339,-64.3831,76.84,42,12,2.46,few clouds
481,Palana,RU,59.1167,159.9667,49.05,67,56,9.98,broken clouds
482,Bara,NG,10.3744,10.7288,72.21,95,62,6.35,broken clouds
483,Pangai,TO,-19.8,-174.35,77.18,87,100,20.42,light rain
484,Vila Velha,BR,-20.3297,-40.2925,67.95,60,75,10.36,broken clouds
485,Obo,CF,5.3998,26.4869,68.05,97,99,3.18,overcast clouds
486,Billings,US,45.7833,-108.5007,96.57,24,40,14.97,haze
487,Iberia,US,29.9502,-91.7507,94.1,84,1,10.36,clear sky
488,Zwedru,LR,6.0667,-8.1281,70.65,98,27,3.65,scattered clouds
489,Mount Darwin,ZW,-16.7725,31.5838,50.49,77,24,4.41,few clouds
490,Amahai,ID,-3.3333,128.9167,78.46,85,70,2.86,broken clouds
491,Puerto Del Rosario,ES,28.5004,-13.8627,71.35,78,20,18.41,few clouds
492,Biarritz,FR,43.4801,-1.5556,67.71,86,90,3.44,overcast clouds
493,Mogadishu,SO,2.0371,45.3438,75.94,77,100,19.01,overcast clouds
494,Ponta Delgada,PT,37.7333,-25.6667,70.52,88,20,4.61,few clouds
495,Pingliang,CN,35.5392,106.6861,74.14,36,1,4.21,clear sky
496,Harper,LR,4.375,-7.7169,76.84,84,68,10.07,light rain
497,Petrolina,BR,-9.3986,-40.5008,80.65,50,0,9.22,clear sky
498,Ardakan,IR,32.31,54.0175,89.98,22,49,3.11,scattered clouds
499,Mbanza-Ngungu,CD,-5.25,14.8667,71.44,62,3,9.95,clear sky
500,Oros,BR,-6.2444,-38.9136,78.98,25,67,4.5,broken clouds
501,Streletskoye,RU,50.6371,36.4729,68.81,77,0,6.71,clear sky
502,Tromso,NO,69.6496,18.957,52.45,81,75,3.0,broken clouds
503,Michalovce,SK,48.7543,21.9195,71.44,70,19,3.31,few clouds
504,Mackay,AU,-21.15,149.2,71.04,79,79,5.99,broken clouds
505,Santa Vitoria Do Palmar,BR,-33.5189,-53.3681,45.77,74,0,6.31,clear sky
506,Dentsville,US,34.064,-80.9582,93.58,58,1,5.75,clear sky
507,Sao Raimundo Nonato,BR,-9.0153,-42.6994,80.26,36,22,5.46,few clouds
508,Yatou,CN,37.15,122.3833,80.44,80,5,13.31,light rain
509,Bom Jesus,BR,-9.0744,-44.3586,86.77,29,96,8.32,overcast clouds
510,Tanout,NE,14.9709,8.8879,82.58,62,26,14.5,scattered clouds
511,Luderitz,NA,-26.6481,15.1594,67.55,30,0,6.82,clear sky
512,Ghanzi,BW,-21.5667,21.7833,50.36,30,0,9.01,clear sky
513,Rabat,MA,33.9911,-6.8401,72.05,94,40,0.0,scattered clouds
514,Villamontes,BO,-21.25,-63.5,57.74,34,100,1.43,overcast clouds
515,Bollnas,SE,61.3482,16.3946,58.39,96,68,4.07,broken clouds
516,Santa Cruz,BO,-17.8,-63.1667,62.74,30,60,4.0,broken clouds
517,Kavaratti,IN,10.5669,72.642,82.17,78,100,15.66,overcast clouds
518,Boa Vista,BR,2.8197,-60.6733,82.38,69,40,3.44,scattered clouds
519,Kandrian,PG,-6.2167,149.55,80.44,84,61,6.87,light rain
520,Niamtougou,TG,9.7681,1.1053,73.89,77,98,4.36,overcast clouds
521,Komsomolskiy,UZ,40.4272,71.7189,71.02,31,48,5.03,scattered clouds
522,Brignoles,FR,43.4,6.0667,73.11,79,0,4.45,clear sky
523,Matay,EG,28.419,30.7792,84.96,36,60,8.5,broken clouds
524,Znamenskoye,RU,57.1281,73.8282,56.62,88,100,5.19,light rain
525,Katsuura,JP,35.1333,140.3,80.71,75,8,10.67,clear sky
526,Half Moon Bay,US,37.4636,-122.4286,98.74,64,1,1.01,clear sky
527,Sabang,ID,5.8933,95.3214,81.95,76,98,22.66,overcast clouds
528,Mehamn,NO,71.0357,27.8492,46.13,85,99,8.12,overcast clouds
529,Ixtapa,MX,20.7,-105.2,86.23,74,90,9.22,overcast clouds
530,Rosarito,MX,32.3333,-117.0333,90.66,61,37,12.53,scattered clouds
531,Caraballeda,VE,10.6112,-66.8522,78.96,91,39,10.13,scattered clouds
532,Sao Filipe,CV,14.8961,-24.4956,76.05,84,61,7.23,broken clouds
533,Baijiantan,CN,45.6333,85.1833,74.35,34,100,16.33,overcast clouds
534,Itarema,BR,-2.9248,-39.9167,79.21,82,62,13.27,broken clouds
535,Abnub,EG,27.2696,31.1511,87.57,25,100,4.0,overcast clouds
536,Puksoozero,RU,62.5903,40.6066,54.59,94,51,4.23,broken clouds
537,Vostok,RU,46.4856,135.8833,71.24,91,100,2.77,overcast clouds
538,Otavi,NA,-19.65,17.3333,55.92,24,0,13.22,clear sky
539,Andrelandia,BR,-21.7397,-44.3092,43.9,81,25,5.57,scattered clouds
540,At-Bashi,KG,41.1702,75.8106,51.31,82,28,0.87,scattered clouds
541,Araouane,ML,18.9048,-3.5265,96.6,28,37,10.45,scattered clouds
542,Roebourne,AU,-20.7833,117.1333,65.61,75,59,9.17,broken clouds
543,Wyszkow,PL,52.5928,21.4584,70.92,69,60,6.85,broken clouds
544,Puerto Quijarro,BO,-17.7833,-57.7667,64.38,23,7,3.62,clear sky
545,Vytegra,RU,61.0064,36.4481,58.28,84,93,5.32,overcast clouds
546,Grafton,US,42.207,-71.6856,74.71,65,1,1.99,clear sky
547,Morondava,MG,-20.2833,44.2833,70.14,63,15,10.45,few clouds
548,Kisangani,CD,0.5167,25.2,69.62,89,87,3.53,light rain
549,Vanavara,RU,60.34,102.2797,62.55,47,8,1.5,clear sky
550,Eyemouth,GB,55.8713,-2.0901,57.83,91,100,5.21,overcast clouds
551,Manjacaze,MZ,-24.7117,33.8828,62.4,88,30,3.76,scattered clouds
552,Weiser,US,44.251,-116.9693,108.61,20,99,10.98,overcast clouds
553,Szigetvar,HU,46.0486,17.8055,79.14,49,0,2.26,clear sky
554,Yakima,US,46.4665,-120.6678,104.85,21,1,6.91,clear sky
555,Anloga,GH,5.7947,0.8973,77.16,87,100,13.11,overcast clouds
556,Yumen,CN,40.2833,97.2,75.43,20,0,15.97,clear sky
557,Baliuag,PH,14.9333,120.8833,82.08,89,99,4.79,overcast clouds
558,Cerro Largo,BR,-28.1486,-54.7381,45.21,76,0,5.01,clear sky
559,Eskil,TR,38.4017,33.4131,69.84,48,0,10.38,clear sky
560,Fare,PF,-16.7,-151.0167,77.74,72,48,17.69,scattered clouds
561,Makakilo City,US,21.3469,-158.0858,88.12,49,75,9.22,broken clouds
562,Basco,PH,20.4487,121.9702,83.37,86,100,26.31,moderate rain
563,Kentau,KZ,43.5206,68.5094,74.28,30,0,14.65,clear sky
564,Santiago,CL,-33.4569,-70.6483,62.29,39,3,9.22,clear sky
565,Port-Cartier,CA,50.0334,-66.8654,60.93,99,100,4.18,overcast clouds
566,Kosonsoy,UZ,41.2561,71.5508,66.76,41,0,6.13,clear sky
567,Ulu-Telyak,RU,54.9086,56.9669,59.99,97,97,3.87,overcast clouds
568,Kangaatsiaq,GL,68.3065,-53.4641,43.38,85,21,10.07,few clouds
569,Bichena,ET,10.45,38.2,54.21,94,98,7.43,light rain
570,Tateyama,JP,34.9833,139.8667,82.98,76,2,7.81,clear sky
571,College,US,64.8569,-147.8028,71.55,56,75,9.22,broken clouds
572,Kastamonu,TR,41.5,33.6667,59.27,64,0,0.74,clear sky
573,Santa Isabel Do Rio Negro,BR,-0.4139,-65.0192,73.27,94,80,0.63,broken clouds
574,Cozumel,MX,20.5083,-86.9458,87.78,80,75,5.01,broken clouds
575,Cairns,AU,-16.9167,145.7667,77.95,79,75,2.3,broken clouds
576,Batagay,RU,67.6333,134.6333,68.2,37,63,2.86,broken clouds
577,Boueni,YT,-12.9025,45.0761,78.78,74,4,16.35,clear sky
578,Dubbo,AU,-32.25,148.6167,48.33,76,74,10.36,broken clouds
579,Santa Rosa,PH,14.3122,121.1114,82.11,84,100,10.76,overcast clouds
580,Izhma,RU,65.0083,53.9113,51.15,66,87,4.21,overcast clouds
581,Port Hardy,CA,50.6996,-127.4199,66.99,79,54,9.28,broken clouds
582,Chebsara,RU,59.2002,38.8356,58.62,97,100,3.85,overcast clouds
583,Doha,QA,25.2867,51.5333,94.98,52,0,3.44,clear sky
584,Roquetas De Mar,ES,36.7642,-2.6148,75.2,64,9,13.89,clear sky
585,Gamba,GA,-2.65,10.0,71.58,83,20,6.69,few clouds
586,General Bravo,MX,25.8,-99.1667,98.73,31,51,11.39,light rain
587,Uyuni,BO,-20.4597,-66.825,44.04,35,100,4.52,overcast clouds
588,Oyon,PE,-10.6681,-76.7731,51.06,64,45,1.74,scattered clouds
589,Hovd,MN,48.0056,91.6419,66.04,54,100,2.53,overcast clouds
590,Sarangani,PH,5.4033,125.4636,83.91,75,77,8.93,broken clouds
591,Sobolevo,RU,54.4299,31.8996,61.9,73,74,7.74,broken clouds
592,Maine-Soroa,NE,13.2114,12.0241,80.38,67,14,10.63,few clouds
593,Chita,RU,52.0333,113.55,58.89,72,72,2.24,broken clouds
594,Olden,NO,61.8364,6.8064,56.91,96,19,4.94,few clouds
595,Pacific Grove,US,36.6177,-121.9166,93.81,76,1,1.99,clear sky
596,Yichang,CN,30.7144,111.2847,79.05,83,0,3.85,clear sky
597,Kilakarai,IN,9.2333,78.7833,83.53,61,4,10.98,clear sky
598,Arandis,NA,-22.4167,14.9667,69.4,15,0,20.62,clear sky
599,Milkovo,RU,54.7167,158.6167,49.69,98,100,4.63,light rain
600,Sulangan,PH,11.1373,123.7228,83.64,75,94,9.48,overcast clouds
601,Rakitnoye,RU,50.8389,35.8515,68.25,69,22,5.66,few clouds
602,Nyimba,ZM,-14.5566,30.8149,64.24,45,1,13.29,clear sky
603,Milas,TR,37.3164,27.7839,87.15,22,0,4.61,clear sky
604,Liverpool,GB,53.4106,-2.9779,59.54,83,40,5.01,scattered clouds
605,Byron Bay,AU,-28.65,153.6167,66.06,60,0,8.16,clear sky
606,Abha,SA,18.2164,42.5053,64.65,77,20,9.22,thunderstorm
607,Atocha,BO,-20.9333,-66.2333,43.32,31,100,18.01,overcast clouds
608,Buchanan,LR,5.8808,-10.0467,78.76,86,35,8.57,light rain
609,Tibagi,BR,-24.5094,-50.4136,43.43,68,100,3.85,overcast clouds
610,Buluang,PH,13.3068,123.3425,82.62,83,100,9.35,overcast clouds
611,Puerto Leguizamo,CO,-0.1934,-74.7819,68.36,83,89,4.65,overcast clouds
612,Cuamba,MZ,-14.8031,36.5372,58.87,85,0,4.63,clear sky
613,Meadow Lake,US,34.8014,-106.5436,89.82,29,81,8.7,broken clouds
614,Porto Novo,BJ,6.4965,2.6036,76.57,84,100,7.61,light rain
615,Hargeysa,SO,9.56,44.065,67.08,63,50,30.24,scattered clouds
616,Muskegon,US,43.3,-86.1334,75.45,64,75,8.05,broken clouds
617,Myre,NO,69.1036,15.9492,49.01,83,100,25.75,overcast clouds
618,Matara,LK,5.9485,80.5353,78.24,87,63,11.81,broken clouds
619,Seoul,KR,37.5683,126.9778,81.91,83,90,3.69,overcast clouds
620,Thohoyandou,ZA,-22.9456,30.485,51.76,81,4,4.23,clear sky
621,Madinat Sittah Uktubar,EG,29.8167,31.05,87.4,55,83,7.9,broken clouds
622,Mnogovershinnyy,RU,53.9353,139.9242,47.44,93,100,4.68,overcast clouds
623,Veraval,IN,20.9,70.3667,81.32,86,100,20.07,overcast clouds
624,Matoury,GF,4.8483,-52.3317,83.01,89,40,0.0,scattered clouds
625,Maarianhamina,AX,60.0973,19.9348,49.86,100,0,1.14,clear sky
626,Tete,MZ,-16.1564,33.5867,71.69,60,75,13.8,broken clouds
627,Mindelo,CV,16.8901,-24.9804,76.55,73,40,14.97,scattered clouds
628,Planaltina,BR,-15.4528,-47.6142,71.89,37,9,5.39,clear sky
629,Nantucket,US,41.2835,-70.0995,76.03,73,90,8.05,overcast clouds
630,Kysyl-Syr,RU,63.8986,122.7617,67.64,41,23,2.62,few clouds
631,Safford,US,32.834,-109.7076,97.72,26,40,8.05,scattered clouds
632,Tabou,CI,4.423,-7.3528,76.48,85,58,8.32,light rain
633,Dabakala,CI,8.3667,-4.4333,72.39,95,50,4.25,moderate rain
634,Bertoua,CM,4.5833,13.6833,67.69,98,94,1.28,moderate rain
635,Altay,CN,47.8667,88.1167,61.16,61,100,2.13,overcast clouds
636,Puerto Ayacucho,VE,5.6639,-67.6236,75.7,91,61,6.2,broken clouds
637,Axim,GH,4.8699,-2.2405,76.06,88,78,6.62,broken clouds
638,Longfeng,CN,46.55,125.1167,71.01,92,100,9.15,overcast clouds
639,Birobidzhan,RU,48.8,132.95,66.67,75,100,8.81,overcast clouds
640,Pemalang,ID,-6.9,109.3667,73.02,82,31,4.56,scattered clouds
641,Daru,PG,-9.0763,143.2092,78.37,89,100,14.7,heavy intensity rain
642,Manadhoo,MV,5.7667,73.3833,82.18,75,87,9.84,overcast clouds
643,Santa Luzia,BR,-19.7697,-43.8514,61.7,72,1,9.31,clear sky
644,Lobito,AO,-12.3481,13.5456,70.2,89,0,4.05,clear sky
645,Zhaotong,CN,27.3167,103.7167,59.67,89,100,2.91,moderate rain
646,Haines Junction,CA,60.7522,-137.5108,73.9,23,1,8.97,clear sky
647,Kavali,IN,14.9167,79.9833,83.64,58,100,17.67,overcast clouds
648,Sao Gabriel Da Cachoeira,BR,-0.1303,-67.0892,71.01,84,74,2.01,broken clouds
649,Nova Olinda Do Norte,BR,-3.8881,-59.0942,79.65,51,29,0.96,scattered clouds
650,Zhoucheng,CN,35.9122,116.3117,82.02,92,0,6.73,clear sky
651,Divnomorskoye,RU,44.5011,38.1353,73.9,61,0,2.98,clear sky
652,Port Hawkesbury,CA,45.6169,-61.3485,67.17,97,90,4.0,mist
653,Tambun,ID,-6.2641,107.0712,81.46,78,40,3.44,haze
